"lat","long","depth","mag","stations","letters"
-20.42,181.62,562,4.8, 41,"a"
-20.62,181.03,650,4.2, 15,"b"
-26.00,184.10, 42,5.4, 43,"c"
-17.97,181.66,626,4.1, 19,"d"
-20.42,181.96,649,4.0, 11,"e"
-19.68,184.31,195,4.0, 12,"f"
-11.70,166.10, 82,4.8, 43,"g"
-28.11,181.93,194,4.4, 15,"h"
-28.74,181.74,211,4.7, 35,"i"
-17.47,179.59,622,4.3, 19,"j"
-21.44,180.69,583,4.4, 13,"k"
-12.26,167.00,249,4.6, 16,"l"
-18.54,182.11,554,4.4, 19,"m"
-21.00,181.66,600,4.4, 10,"n"
-20.70,169.92,139,6.1, 94,"o"
-15.94,184.95,306,4.3, 11,"p"
-13.64,165.96, 50,6.0, 83,"q"
-17.83,181.50,590,4.5, 21,"r"
-23.50,179.78,570,4.4, 13,"s"
-22.63,180.31,598,4.4, 18,"t"
-20.84,181.16,576,4.5, 17,"u"
-10.98,166.32,211,4.2, 12,"v"
-23.30,180.16,512,4.4, 18,"w"
-30.20,182.00,125,4.7, 22,"x"
-19.66,180.28,431,5.4, 57,"y"
-17.94,181.49,537,4.0, 15,"z"
-14.72,167.51,155,4.6, 18,"a"
-16.46,180.79,498,5.2, 79,"b"
-20.97,181.47,582,4.5, 25,"c"
-19.84,182.37,328,4.4, 17,"d"
-22.58,179.24,553,4.6, 21,"e"
-16.32,166.74, 50,4.7, 30,"f"
-15.55,185.05,292,4.8, 42,"g"
-23.55,180.80,349,4.0, 10,"h"
-16.30,186.00, 48,4.5, 10,"i"
-25.82,179.33,600,4.3, 13,"j"
-18.73,169.23,206,4.5, 17,"k"
-17.64,181.28,574,4.6, 17,"l"
-17.66,181.40,585,4.1, 17,"m"
-18.82,169.33,230,4.4, 11,"n"
-37.37,176.78,263,4.7, 34,"o"
-15.31,186.10, 96,4.6, 32,"p"
-24.97,179.82,511,4.4, 23,"q"
-15.49,186.04, 94,4.3, 26,"r"
-19.23,169.41,246,4.6, 27,"s"
-30.10,182.30, 56,4.9, 34,"t"
-26.40,181.70,329,4.5, 24,"u"
-11.77,166.32, 70,4.4, 18,"v"
-24.12,180.08,493,4.3, 21,"w"
-18.97,185.25,129,5.1, 73,"x"
-18.75,182.35,554,4.2, 13,"y"
-19.26,184.42,223,4.0, 15,"z"
-22.75,173.20, 46,4.6, 26,"a"
-21.37,180.67,593,4.3, 13,"b"
-20.10,182.16,489,4.2, 16,"c"
-19.85,182.13,562,4.4, 31,"d"
-22.70,181.00,445,4.5, 17,"e"
-22.06,180.60,584,4.0, 11,"f"
-17.80,181.35,535,4.4, 23,"g"
-24.20,179.20,530,4.3, 12,"h"
-20.69,181.55,582,4.7, 35,"i"
-21.16,182.40,260,4.1, 12,"j"
-13.82,172.38,613,5.0, 61,"k"
-11.49,166.22, 84,4.6, 32,"l"
-20.68,181.41,593,4.9, 40,"m"
-17.10,184.93,286,4.7, 25,"n"
-20.14,181.60,587,4.1, 13,"o"
-21.96,179.62,627,5.0, 45,"p"
-20.42,181.86,530,4.5, 27,"q"
-15.46,187.81, 40,5.5, 91,"r"
-15.31,185.80,152,4.0, 11,"s"
-19.86,184.35,201,4.5, 30,"t"
-11.55,166.20, 96,4.3, 14,"u"
-23.74,179.99,506,5.2, 75,"v"
-17.70,181.23,546,4.4, 35,"w"
-23.54,180.04,564,4.3, 15,"x"
-19.21,184.70,197,4.1, 11,"y"
-12.11,167.06,265,4.5, 23,"z"
-21.81,181.71,323,4.2, 15,"a"
-28.98,181.11,304,5.3, 60,"b"
-34.02,180.21, 75,5.2, 65,"c"
-23.84,180.99,367,4.5, 27,"d"
-19.57,182.38,579,4.6, 38,"e"
-20.12,183.40,284,4.3, 15,"f"
-17.70,181.70,450,4.0, 11,"g"
-19.66,184.31,170,4.3, 15,"h"
-21.50,170.50,117,4.7, 32,"i"
-23.64,179.96,538,4.5, 26,"j"
-15.43,186.30,123,4.2, 16,"k"
-15.41,186.44, 69,4.3, 42,"l"
-15.48,167.53,128,5.1, 61,"m"
-13.36,167.06,236,4.7, 22,"n"
-20.64,182.02,497,5.2, 64,"o"
-19.72,169.71,271,4.2, 14,"p"
-15.44,185.26,224,4.2, 21,"q"
-19.73,182.40,375,4.0, 18,"r"
-27.24,181.11,365,4.5, 21,"s"
-18.16,183.41,306,5.2, 54,"t"
-13.66,166.54, 50,5.1, 45,"u"
-24.57,179.92,484,4.7, 33,"v"
-16.98,185.61,108,4.1, 12,"w"
-26.20,178.41,583,4.6, 25,"x"
-21.88,180.39,608,4.7, 30,"y"
-33.00,181.60, 72,4.7, 22,"z"
-21.33,180.69,636,4.6, 29,"a"
-19.44,183.50,293,4.2, 15,"b"
-34.89,180.60, 42,4.4, 25,"c"
-20.24,169.49,100,4.6, 22,"d"
-22.55,185.90, 42,5.7, 76,"e"
-36.95,177.81,146,5.0, 35,"f"
-15.75,185.23,280,4.5, 28,"g"
-16.85,182.31,388,4.2, 14,"h"
-19.06,182.45,477,4.0, 16,"i"
-26.11,178.30,617,4.8, 39,"j"
-26.20,178.35,606,4.4, 21,"k"
-26.13,178.31,609,4.2, 25,"l"
-13.66,172.23, 46,5.3, 67,"m"
-13.47,172.29, 64,4.7, 14,"n"
-14.60,167.40,178,4.8, 52,"o"
-18.96,169.48,248,4.2, 13,"p"
-14.65,166.97, 82,4.8, 28,"q"
-19.90,178.90, 81,4.3, 11,"r"
-22.05,180.40,606,4.7, 27,"s"
-19.22,182.43,571,4.5, 23,"t"
-31.24,180.60,328,4.4, 18,"u"
-17.93,167.89, 49,5.1, 43,"v"
-19.30,183.84,517,4.2, 21,"w"
-26.53,178.57,600,5.0, 69,"x"
-27.72,181.70, 94,4.8, 59,"y"
-19.19,183.51,307,4.3, 19,"z"
-17.43,185.43,189,4.5, 22,"a"
-17.05,181.22,527,4.2, 24,"b"
-19.52,168.98, 63,4.5, 21,"c"
-23.71,180.30,510,4.6, 30,"d"
-21.30,180.82,624,4.3, 14,"e"
-16.24,168.02, 53,4.7, 12,"f"
-16.14,187.32, 42,5.1, 68,"g"
-23.95,182.80,199,4.6, 14,"h"
-25.20,182.60,149,4.9, 31,"i"
-18.84,184.16,210,4.2, 17,"j"
-12.66,169.46,658,4.6, 43,"k"
-20.65,181.40,582,4.0, 14,"l"
-13.23,167.10,220,5.0, 46,"m"
-29.91,181.43,205,4.4, 34,"n"
-14.31,173.50,614,4.2, 23,"o"
-20.10,184.40,186,4.2, 10,"p"
-17.80,185.17, 97,4.4, 22,"q"
-21.27,173.49, 48,4.9, 42,"r"
-23.58,180.17,462,5.3, 63,"s"
-17.90,181.50,573,4.0, 19,"t"
-23.34,184.50, 56,5.7,106,"u"
-15.56,167.62,127,6.4,122,"v"
-23.83,182.56,229,4.3, 24,"w"
-11.80,165.80,112,4.2, 20,"x"
-15.54,167.68,140,4.7, 16,"y"
-20.65,181.32,597,4.7, 39,"z"
-11.75,166.07, 69,4.2, 14,"a"
-24.81,180.00,452,4.3, 19,"b"
-20.90,169.84, 93,4.9, 31,"c"
-11.34,166.24,103,4.6, 30,"d"
-17.98,180.50,626,4.1, 19,"e"
-24.34,179.52,504,4.8, 34,"f"
-13.86,167.16,202,4.6, 30,"g"
-35.56,180.20, 42,4.6, 32,"h"
-35.48,179.90, 59,4.8, 35,"i"
-34.20,179.43, 40,5.0, 37,"j"
-26.00,182.12,205,5.6, 98,"k"
-19.89,183.84,244,5.3, 73,"l"
-23.43,180.00,553,4.7, 41,"m"
-18.89,169.42,239,4.5, 27,"n"
-17.82,181.83,640,4.3, 24,"o"
-25.68,180.34,434,4.6, 41,"p"
-20.20,180.90,627,4.1, 11,"q"
-15.20,184.68, 99,4.1, 14,"r"
-15.03,182.29,399,4.1, 10,"s"
-32.22,180.20,216,5.7, 90,"t"
-22.64,180.64,544,5.0, 50,"u"
-17.42,185.16,206,4.5, 22,"v"
-17.84,181.48,542,4.1, 20,"w"
-15.02,184.24,339,4.6, 27,"x"
-18.04,181.75,640,4.5, 47,"y"
-24.60,183.50, 67,4.3, 25,"z"
-19.88,184.30,161,4.4, 17,"a"
-20.30,183.00,375,4.2, 15,"b"
-20.45,181.85,534,4.1, 14,"c"
-17.67,187.09, 45,4.9, 62,"d"
-22.30,181.90,309,4.3, 11,"e"
-19.85,181.85,576,4.9, 54,"f"
-24.27,179.88,523,4.6, 24,"g"
-15.85,185.13,290,4.6, 29,"h"
-20.02,184.09,234,5.3, 71,"i"
-18.56,169.31,223,4.7, 35,"j"
-17.87,182.00,569,4.6, 12,"k"
-24.08,179.50,605,4.1, 21,"l"
-32.20,179.61,422,4.6, 41,"m"
-20.36,181.19,637,4.2, 23,"n"
-23.85,182.53,204,4.6, 27,"o"
-24.00,182.75,175,4.5, 14,"p"
-20.41,181.74,538,4.3, 31,"q"
-17.72,180.30,595,5.2, 74,"r"
-19.67,182.18,360,4.3, 23,"s"
-17.70,182.20,445,4.0, 12,"t"
-16.23,183.59,367,4.7, 35,"u"
-26.72,183.35,190,4.5, 36,"v"
-12.95,169.09,629,4.5, 19,"w"
-21.97,182.32,261,4.3, 13,"x"
-21.96,180.54,603,5.2, 66,"y"
-20.32,181.69,508,4.5, 14,"z"
-30.28,180.62,350,4.7, 32,"a"
-20.20,182.30,533,4.2, 11,"b"
-30.66,180.13,411,4.7, 42,"c"
-16.17,184.10,338,4.3, 13,"d"
-28.25,181.71,226,4.1, 19,"e"
-20.47,185.68, 93,5.4, 85,"f"
-23.55,180.27,535,4.3, 22,"g"
-20.94,181.58,573,4.3, 21,"h"
-26.67,182.40,186,4.2, 17,"i"
-18.13,181.52,618,4.6, 41,"j"
-20.21,183.83,242,4.4, 29,"k"
-18.31,182.39,342,4.2, 14,"l"
-16.52,185.70, 90,4.7, 30,"m"
-22.36,171.65,130,4.6, 39,"n"
-22.43,184.48, 65,4.9, 48,"o"
-20.37,182.10,397,4.2, 22,"p"
-23.77,180.16,505,4.5, 26,"q"
-13.65,166.66, 71,4.9, 52,"r"
-21.55,182.90,207,4.2, 18,"s"
-16.24,185.75,154,4.5, 22,"t"
-23.73,182.53,232,5.0, 55,"u"
-22.34,171.52,106,5.0, 43,"v"
-19.40,180.94,664,4.7, 34,"w"
-24.64,180.81,397,4.3, 24,"x"
-16.00,182.82,431,4.4, 16,"y"
-19.62,185.35, 57,4.9, 31,"z"
-23.84,180.13,525,4.5, 15,"a"
-23.54,179.93,574,4.0, 12,"b"
-28.23,182.68, 74,4.4, 20,"c"
-21.68,180.63,617,5.0, 63,"d"
-13.44,166.53, 44,4.7, 27,"e"
-24.96,180.22,470,4.8, 41,"f"
-20.08,182.74,298,4.5, 33,"g"
-24.36,182.84,148,4.1, 16,"h"
-14.70,166.00, 48,5.3, 16,"i"
-18.20,183.68,107,4.8, 52,"j"
-16.65,185.51,218,5.0, 52,"k"
-18.11,181.67,597,4.6, 28,"l"
-17.95,181.65,619,4.3, 26,"m"
-15.50,186.90, 46,4.7, 18,"n"
-23.36,180.01,553,5.3, 61,"o"
-19.15,169.50,150,4.2, 12,"p"
-10.97,166.26,180,4.7, 26,"q"
-14.85,167.24, 97,4.5, 26,"r"
-17.80,181.38,587,5.1, 47,"s"
-22.50,170.40,106,4.9, 38,"t"
-29.10,182.10,179,4.4, 19,"u"
-20.32,180.88,680,4.2, 22,"v"
-16.09,184.89,304,4.6, 34,"w"
-19.18,169.33,254,4.7, 35,"x"
-23.81,179.36,521,4.2, 23,"y"
-23.79,179.89,526,4.9, 43,"z"
-19.02,184.23,270,5.1, 72,"a"
-20.90,181.51,548,4.7, 32,"b"
-19.06,169.01,158,4.4, 10,"c"
-17.88,181.47,562,4.4, 27,"d"
-19.41,183.05,300,4.2, 16,"e"
-26.17,184.20, 65,4.9, 37,"f"
-14.95,167.24,130,4.6, 16,"g"
-18.73,168.80, 82,4.4, 14,"h"
-20.21,182.37,482,4.6, 37,"i"
-21.29,180.85,607,4.5, 23,"j"
-19.76,181.41,105,4.4, 15,"k"
-22.09,180.38,590,4.9, 35,"l"
-23.80,179.90,498,4.1, 12,"m"
-20.16,181.99,504,4.2, 11,"n"
-22.13,180.38,577,5.7,104,"o"
-17.44,181.40,529,4.6, 25,"p"
-23.33,180.18,528,5.0, 59,"q"
-24.78,179.22,492,4.3, 16,"r"
-22.00,180.52,561,4.5, 19,"s"
-19.13,182.51,579,5.2, 56,"t"
-30.72,180.10,413,4.4, 22,"u"
-22.32,180.54,565,4.2, 12,"v"
-16.45,177.77,138,4.6, 17,"w"
-17.70,185.00,383,4.0, 10,"x"
-17.95,184.68,260,4.4, 21,"y"
-24.40,179.85,522,4.7, 29,"z"
-19.30,180.60,671,4.2, 16,"a"
-21.13,185.32,123,4.7, 36,"b"
-18.07,181.57,572,4.5, 26,"c"
-20.60,182.28,529,5.0, 50,"d"
-18.48,181.49,641,5.0, 49,"e"
-13.34,166.20, 67,4.8, 18,"f"
-20.92,181.50,546,4.6, 31,"g"
-25.31,179.69,507,4.6, 35,"h"
-15.24,186.21,158,5.0, 57,"i"
-16.40,185.86,148,5.0, 47,"j"
-24.57,178.40,562,5.6, 80,"k"
-17.94,181.51,601,4.0, 16,"l"
-30.64,181.20,175,4.0, 16,"m"
-18.64,169.32,260,4.6, 23,"n"
-13.09,169.28,654,4.4, 22,"o"
-19.68,184.14,242,4.8, 40,"p"
-16.44,185.74,126,4.7, 30,"q"
-21.09,181.38,555,4.6, 15,"r"
-14.99,171.39,637,4.3, 21,"s"
-23.30,179.70,500,4.7, 29,"t"
-17.68,181.36,515,4.1, 19,"u"
-22.00,180.53,583,4.9, 20,"v"
-21.38,181.39,501,4.6, 36,"w"
-32.62,181.50, 55,4.8, 26,"x"
-13.05,169.58,644,4.9, 68,"y"
-12.93,169.63,641,5.1, 57,"z"
-18.60,181.91,442,5.4, 82,"a"
-21.34,181.41,464,4.5, 21,"b"
-21.48,183.78,200,4.9, 54,"c"
-17.40,181.02,479,4.4, 14,"d"
-17.32,181.03,497,4.1, 13,"e"
-18.77,169.24,218,5.3, 53,"f"
-26.16,179.50,492,4.5, 25,"g"
-12.59,167.10,325,4.9, 26,"h"
-14.82,167.32,123,4.8, 28,"i"
-21.79,183.48,210,5.2, 69,"j"
-19.83,182.04,575,4.4, 23,"k"
-29.50,182.31,129,4.4, 14,"l"
-12.49,166.36, 74,4.9, 55,"m"
-26.10,182.30, 49,4.4, 11,"n"
-21.04,181.20,483,4.2, 10,"o"
-10.78,165.77, 93,4.6, 20,"p"
-20.76,185.77,118,4.6, 15,"q"
-11.41,166.24, 83,5.3, 55,"r"
-19.10,183.87, 61,5.3, 42,"s"
-23.91,180.00,534,4.5, 11,"t"
-27.33,182.60, 42,4.4, 11,"u"
-12.25,166.60,219,5.0, 28,"v"
-23.49,179.07,544,5.1, 58,"w"
-27.18,182.18, 56,4.5, 14,"x"
-25.80,182.10, 68,4.5, 26,"y"
-27.19,182.18, 69,5.4, 68,"z"
-27.27,182.38, 45,4.5, 16,"a"
-27.10,182.18, 43,4.7, 17,"b"
-27.22,182.28, 65,4.2, 14,"c"
-27.38,181.70, 80,4.8, 13,"d"
-27.27,182.50, 51,4.5, 13,"e"
-27.54,182.50, 68,4.3, 12,"f"
-27.20,182.39, 69,4.3, 14,"g"
-27.71,182.47,103,4.3, 11,"h"
-27.60,182.40, 61,4.6, 11,"i"
-27.38,182.39, 69,4.5, 12,"j"
-21.54,185.48, 51,5.0, 29,"k"
-27.21,182.43, 55,4.6, 10,"l"
-28.96,182.61, 54,4.6, 15,"m"
-12.01,166.29, 59,4.9, 27,"n"
-17.46,181.32,573,4.1, 17,"o"
-30.17,182.02, 56,5.5, 68,"p"
-27.27,182.36, 65,4.7, 21,"q"
-17.79,181.32,587,5.0, 49,"r"
-22.19,171.40,150,5.1, 49,"s"
-17.10,182.68,403,5.5, 82,"t"
-27.18,182.53, 60,4.6, 21,"u"
-11.64,166.47,130,4.7, 19,"v"
-17.98,181.58,590,4.2, 14,"w"
-16.90,185.72,135,4.0, 22,"x"
-21.98,179.60,583,5.4, 67,"y"
-32.14,179.90,406,4.3, 19,"z"
-18.80,169.21,221,4.4, 16,"a"
-26.78,183.61, 40,4.6, 22,"b"
-20.43,182.37,502,5.1, 48,"c"
-18.30,183.20,103,4.5, 14,"d"
-15.83,182.51,423,4.2, 21,"e"
-23.44,182.93,158,4.1, 20,"f"
-23.73,179.99,527,5.1, 49,"g"
-19.89,184.08,219,5.4,105,"h"
-17.59,181.09,536,5.1, 61,"i"
-19.77,181.40,630,5.1, 54,"j"
-20.31,184.06,249,4.4, 21,"k"
-15.33,186.75, 48,5.7,123,"l"
-18.20,181.60,553,4.4, 14,"m"
-15.36,186.66,112,5.1, 57,"n"
-15.29,186.42,153,4.6, 31,"o"
-15.36,186.71,130,5.5, 95,"p"
-16.24,167.95,188,5.1, 68,"q"
-13.47,167.14,226,4.4, 26,"r"
-25.50,182.82,124,5.0, 25,"s"
-14.32,167.33,204,5.0, 49,"t"
-20.04,182.01,605,5.1, 49,"u"
-28.83,181.66,221,5.1, 63,"v"
-17.82,181.49,573,4.2, 14,"w"
-27.23,180.98,401,4.5, 39,"x"
-10.72,165.99,195,4.0, 14,"y"
-27.00,183.88, 56,4.9, 36,"z"
-20.36,186.16,102,4.3, 21,"a"
-27.17,183.68, 44,4.8, 27,"b"
-20.94,181.26,556,4.4, 21,"c"
-17.46,181.90,417,4.2, 14,"d"
-21.04,181.20,591,4.9, 45,"e"
-23.70,179.60,646,4.2, 21,"f"
-17.72,181.42,565,5.3, 89,"g"
-15.87,188.13, 52,5.0, 30,"h"
-17.84,181.30,535,5.7,112,"i"
-13.45,170.30,641,5.3, 93,"j"
-30.80,182.16, 41,4.7, 24,"k"
-11.63,166.14,109,4.6, 36,"l"
-30.40,181.40, 40,4.3, 17,"m"
-26.18,178.59,548,5.4, 65,"n"
-15.70,184.50,118,4.4, 30,"o"
-17.95,181.50,593,4.3, 16,"p"
-20.51,182.30,492,4.3, 23,"q"
-15.36,167.51,123,4.7, 28,"r"
-23.61,180.23,475,4.4, 26,"s"
-33.20,181.60,153,4.2, 21,"t"
-17.68,186.80,112,4.5, 35,"u"
-22.24,184.56, 99,4.8, 57,"v"
-20.07,169.14, 66,4.8, 37,"w"
-25.04,180.10,481,4.3, 15,"x"
-21.50,185.20,139,4.4, 15,"y"
-14.28,167.26,211,5.1, 51,"z"
-14.43,167.26,151,4.4, 17,"a"
-32.70,181.70,211,4.4, 40,"b"
-34.10,181.80,246,4.3, 23,"c"
-19.70,186.20, 47,4.8, 19,"d"
-24.19,180.38,484,4.3, 27,"e"
-26.60,182.77,119,4.5, 29,"f"
-17.04,186.80, 70,4.1, 22,"g"
-22.10,179.71,579,5.1, 58,"h"
-32.60,180.90, 57,4.7, 44,"i"
-33.00,182.40,176,4.6, 28,"j"
-20.58,181.24,602,4.7, 44,"k"
-20.61,182.60,488,4.6, 12,"l"
-19.47,169.15,149,4.4, 15,"m"
-17.47,180.96,546,4.2, 23,"n"
-18.40,183.40,343,4.1, 10,"o"
-23.33,180.26,530,4.7, 22,"p"
-18.55,182.23,563,4.0, 17,"q"
-26.16,178.47,537,4.8, 33,"r"
-21.80,183.20,325,4.4, 19,"s"
-27.63,182.93, 80,4.3, 14,"t"
-18.89,169.48,259,4.4, 21,"u"
-20.30,182.30,476,4.5, 10,"v"
-20.56,182.04,499,4.5, 29,"w"
-16.10,185.32,257,4.7, 30,"x"
-12.66,166.37,165,4.3, 18,"y"
-21.05,184.68,136,4.7, 29,"z"
-17.97,168.52,146,4.8, 33,"a"
-19.83,182.54,524,4.6, 14,"b"
-22.55,183.81, 82,5.1, 68,"c"
-22.28,183.52, 90,4.7, 19,"d"
-15.72,185.64,138,4.3, 21,"e"
-20.85,181.59,499,5.1, 91,"f"
-21.11,181.50,538,5.5,104,"g"
-25.31,180.15,467,4.5, 25,"h"
-26.46,182.50,184,4.3, 11,"i"
-24.09,179.68,538,4.3, 21,"j"
-16.96,167.70, 45,4.7, 23,"k"
-23.19,182.80,237,4.3, 18,"l"
-20.81,184.70,162,4.3, 20,"m"
-15.03,167.32,136,4.6, 20,"n"
-18.06,181.59,604,4.5, 23,"o"
-19.00,185.60,107,4.5, 15,"p"
-23.53,179.99,538,5.4, 87,"q"
-18.18,180.63,639,4.6, 39,"r"
-15.66,186.80, 45,4.4, 11,"s"
-18.00,180.62,636,5.0,100,"t"
-18.08,180.70,628,5.2, 72,"u"
-18.05,180.86,632,4.4, 15,"v"
-29.90,181.16,215,5.1, 51,"w"
-20.90,181.90,556,4.4, 17,"x"
-15.61,167.50,135,4.4, 21,"y"
-16.03,185.43,297,4.8, 25,"z"
-17.68,181.11,568,4.4, 22,"a"
-31.94,180.57,168,4.7, 39,"b"
-19.14,184.36,269,4.7, 31,"c"
-18.00,185.48,143,4.4, 29,"d"
-16.95,185.94, 95,4.3, 12,"e"
-10.79,166.06,142,5.0, 40,"f"
-20.83,185.90,104,4.5, 19,"g"
-32.90,181.60,169,4.6, 27,"h"
-37.93,177.47, 65,5.4, 65,"i"
-29.09,183.20, 54,4.6, 23,"j"
-23.56,180.23,474,4.5, 13,"k"
-19.60,185.20,125,4.4, 13,"l"
-21.39,180.68,617,4.5, 18,"m"
-14.85,184.87,294,4.1, 10,"n"
-22.70,183.30,180,4.0, 13,"o"
-32.42,181.21, 47,4.9, 39,"p"
-17.90,181.30,593,4.1, 13,"q"
-23.58,183.40, 94,5.2, 79,"r"
-34.40,180.50,201,4.4, 41,"s"
-17.61,181.20,537,4.1, 11,"t"
-21.07,181.13,594,4.9, 43,"u"
-13.84,170.62,638,4.6, 20,"v"
-30.24,181.63, 80,4.5, 17,"w"
-18.49,169.04,211,4.8, 30,"x"
-23.45,180.23,520,4.2, 19,"y"
-16.04,183.54,384,4.2, 23,"z"
-17.14,185.31,223,4.1, 15,"a"
-22.54,172.91, 54,5.5, 71,"b"
-15.90,185.30, 57,4.4, 19,"c"
-30.04,181.20, 49,4.8, 20,"d"
-24.03,180.22,508,4.2, 23,"e"
-18.89,184.46,242,4.8, 36,"f"
-16.51,187.10, 62,4.9, 46,"g"
-20.10,186.30, 63,4.6, 19,"h"
-21.06,183.81,203,4.5, 34,"i"
-13.07,166.87,132,4.4, 24,"j"
-23.46,180.09,543,4.6, 28,"k"
-19.41,182.30,589,4.2, 19,"l"
-11.81,165.98, 51,4.7, 28,"m"
-11.76,165.96, 45,4.4, 51,"n"
-12.08,165.76, 63,4.5, 51,"o"
-25.59,180.02,485,4.9, 48,"p"
-26.54,183.63, 66,4.7, 34,"q"
-20.90,184.28, 58,5.5, 92,"r"
-16.99,187.00, 70,4.7, 30,"s"
-23.46,180.17,541,4.6, 32,"t"
-17.81,181.82,598,4.1, 14,"u"
-15.17,187.20, 50,4.7, 28,"v"
-11.67,166.02,102,4.6, 21,"w"
-20.75,184.52,144,4.3, 25,"x"
-19.50,186.90, 58,4.4, 20,"y"
-26.18,179.79,460,4.7, 44,"z"
-20.66,185.77, 69,4.3, 25,"a"
-19.22,182.54,570,4.1, 22,"b"
-24.68,183.33, 70,4.7, 30,"c"
-15.43,167.38,137,4.5, 16,"d"
-32.45,181.15, 41,5.5, 81,"e"
-21.31,180.84,586,4.5, 17,"f"
-15.44,167.18,140,4.6, 44,"g"
-13.26,167.01,213,5.1, 70,"h"
-15.26,183.13,393,4.4, 28,"i"
-33.57,180.80, 51,4.7, 35,"j"
-15.77,167.01, 64,5.5, 73,"k"
-15.79,166.83, 45,4.6, 39,"l"
-21.00,183.20,296,4.0, 16,"m"
-16.28,166.94, 50,4.6, 24,"n"
-23.28,184.60, 44,4.8, 34,"o"
-16.10,167.25, 68,4.7, 36,"p"
-17.70,181.31,549,4.7, 33,"q"
-15.96,166.69,150,4.2, 20,"r"
-15.95,167.34, 47,5.4, 87,"s"
-17.56,181.59,543,4.6, 34,"t"
-15.90,167.42, 40,5.5, 86,"u"
-15.29,166.90,100,4.2, 15,"v"
-15.86,166.85, 85,4.5, 22,"w"
-16.20,166.80, 98,4.5, 21,"x"
-15.71,166.91, 58,4.8, 20,"y"
-16.45,167.54,125,4.6, 18,"z"
-11.54,166.18, 89,5.4, 80,"a"
-19.61,181.91,590,4.6, 34,"b"
-15.61,187.15, 49,5.0, 30,"c"
-21.16,181.41,543,4.3, 17,"d"
-20.65,182.22,506,4.3, 24,"e"
-20.33,168.71, 40,4.8, 38,"f"
-15.08,166.62, 42,4.7, 23,"g"
-23.28,184.61, 76,4.7, 36,"h"
-23.44,184.60, 63,4.8, 27,"i"
-23.12,184.42,104,4.2, 17,"j"
-23.65,184.46, 93,4.2, 16,"k"
-22.91,183.95, 64,5.9,118,"l"
-22.06,180.47,587,4.6, 28,"m"
-13.56,166.49, 83,4.5, 25,"n"
-17.99,181.57,579,4.9, 49,"o"
-23.92,184.47, 40,4.7, 17,"p"
-30.69,182.10, 62,4.9, 25,"q"
-21.92,182.80,273,5.3, 78,"r"
-25.04,180.97,393,4.2, 21,"s"
-19.92,183.91,264,4.2, 23,"t"
-27.75,182.26,174,4.5, 18,"u"
-17.71,181.18,574,5.2, 67,"v"
-19.60,183.84,309,4.5, 23,"w"
-34.68,179.82, 75,5.6, 79,"x"
-14.46,167.26,195,5.2, 87,"y"
-18.85,187.55, 44,4.8, 35,"z"
-17.02,182.41,420,4.5, 29,"a"
-20.41,186.51, 63,5.0, 28,"b"
-18.18,182.04,609,4.4, 26,"c"
-16.49,187.80, 40,4.5, 18,"d"
-17.74,181.31,575,4.6, 42,"e"
-20.49,181.69,559,4.5, 24,"f"
-18.51,182.64,405,5.2, 74,"g"
-27.28,183.40, 70,5.1, 54,"h"
-15.90,167.16, 41,4.8, 42,"i"
-20.57,181.33,605,4.3, 18,"j"
-11.25,166.36,130,5.1, 55,"k"
-20.04,181.87,577,4.7, 19,"l"
-20.89,181.25,599,4.6, 20,"m"
-16.62,186.74, 82,4.8, 51,"n"
-20.09,168.75, 50,4.6, 23,"o"
-24.96,179.87,480,4.4, 25,"p"
-20.95,181.42,559,4.6, 27,"q"
-23.31,179.27,566,5.1, 49,"r"
-20.95,181.06,611,4.3, 20,"s"
-21.58,181.90,409,4.4, 19,"t"
-13.62,167.15,209,4.7, 30,"u"
-12.72,166.28, 70,4.8, 47,"v"
-21.79,185.00, 74,4.1, 15,"w"
-20.48,169.76,134,4.6, 33,"x"
-12.84,166.78,150,4.9, 35,"y"
-17.02,182.93,406,4.0, 17,"z"
-23.89,182.39,243,4.7, 32,"a"
-23.07,184.03, 89,4.7, 32,"b"
-27.98,181.96, 53,5.2, 89,"c"
-28.10,182.25, 68,4.6, 18,"d"
-21.24,180.81,605,4.6, 34,"e"
-21.24,180.86,615,4.9, 23,"f"
-19.89,174.46,546,5.7, 99,"g"
-32.82,179.80,176,4.7, 26,"h"
-22.00,185.50, 52,4.4, 18,"i"
-21.57,185.62, 66,4.9, 38,"j"
-24.50,180.92,377,4.8, 43,"k"
-33.03,180.20,186,4.6, 27,"l"
-30.09,182.40, 51,4.4, 18,"m"
-22.75,170.99, 67,4.8, 35,"n"
-17.99,168.98,234,4.7, 28,"o"
-19.60,181.87,597,4.2, 18,"p"
-15.65,186.26, 64,5.1, 54,"q"
-17.78,181.53,511,4.8, 56,"r"
-22.04,184.91, 47,4.9, 47,"s"
-20.06,168.69, 49,5.1, 49,"t"
-18.07,181.54,546,4.3, 28,"u"
-12.85,165.67, 75,4.4, 30,"v"
-33.29,181.30, 60,4.7, 33,"w"
-34.63,179.10,278,4.7, 24,"x"
-24.18,179.02,550,5.3, 86,"y"
-23.78,180.31,518,5.1, 71,"z"
-22.37,171.50,116,4.9, 38,"a"
-23.97,179.91,518,4.5, 23,"b"
-34.12,181.75, 75,4.7, 41,"c"
-25.25,179.86,491,4.2, 23,"d"
-22.87,172.65, 56,5.1, 50,"e"
-18.48,182.37,376,4.8, 57,"f"
-21.46,181.02,584,4.2, 18,"g"
-28.56,183.47, 48,4.8, 56,"h"
-28.56,183.59, 53,4.4, 20,"i"
-21.30,180.92,617,4.5, 26,"j"
-20.08,183.22,294,4.3, 18,"k"
-18.82,182.21,417,5.6,129,"l"
-19.51,183.97,280,4.0, 16,"m"
-12.05,167.39,332,5.0, 36,"n"
-17.40,186.54, 85,4.2, 28,"o"
-23.93,180.18,525,4.6, 31,"p"
-21.23,181.09,613,4.6, 18,"q"
-16.23,167.91,182,4.5, 28,"r"
-28.15,183.40, 57,5.0, 32,"s"
-20.81,185.01, 79,4.7, 42,"t"
-20.72,181.41,595,4.6, 36,"u"
-23.29,184.00,164,4.8, 50,"v"
-38.46,176.03,148,4.6, 44,"w"
-15.48,186.73, 82,4.4, 17,"x"
-37.03,177.52,153,5.6, 87,"y"
-20.48,181.38,556,4.2, 13,"z"
-18.12,181.88,649,5.4, 88,"a"
-18.17,181.98,651,4.8, 43,"b"
-11.40,166.07, 93,5.6, 94,"c"
-23.10,180.12,533,4.4, 27,"d"
-14.28,170.34,642,4.7, 29,"e"
-22.87,171.72, 47,4.6, 27,"f"
-17.59,180.98,548,5.1, 79,"g"
-27.60,182.10,154,4.6, 22,"h"
-17.94,180.60,627,4.5, 29,"i"
-17.88,180.58,622,4.2, 23,"j"
-30.01,180.80,286,4.8, 43,"k"
-19.19,182.30,390,4.9, 48,"l"
-18.14,180.87,624,5.5,105,"m"
-23.46,180.11,539,5.0, 41,"n"
-18.44,181.04,624,4.2, 21,"o"
-18.21,180.87,631,5.2, 69,"p"
-18.26,180.98,631,4.8, 36,"q"
-15.85,184.83,299,4.4, 30,"r"
-23.82,180.09,498,4.8, 40,"s"
-18.60,184.28,255,4.4, 31,"t"
-17.80,181.32,539,4.1, 12,"u"
-10.78,166.10,195,4.9, 45,"v"
-18.12,181.71,594,4.6, 24,"w"
-19.34,182.62,573,4.5, 32,"x"
-15.34,167.10,128,5.3, 18,"y"
-24.97,182.85,137,4.8, 40,"z"
-15.97,186.08,143,4.6, 41,"a"
-23.47,180.24,511,4.8, 37,"b"
-23.11,179.15,564,4.7, 17,"c"
-20.54,181.66,559,4.9, 50,"d"
-18.92,169.37,248,5.3, 60,"e"
-20.16,184.27,210,4.4, 27,"f"
-25.48,180.94,390,4.6, 33,"g"
-18.19,181.74,616,4.3, 17,"h"
-15.35,186.40, 98,4.4, 17,"i"
-18.69,169.10,218,4.2, 27,"j"
-18.89,181.24,655,4.1, 14,"k"
-17.61,183.32,356,4.2, 15,"l"
-20.93,181.54,564,5.0, 64,"m"
-17.60,181.50,548,4.1, 10,"n"
-17.96,181.40,655,4.3, 20,"o"
-18.80,182.41,385,5.2, 67,"p"
-20.61,182.44,518,4.2, 10,"q"
-20.74,181.53,598,4.5, 36,"r"
-25.23,179.86,476,4.4, 29,"s"
-23.90,179.90,579,4.4, 16,"t"
-18.07,181.58,603,5.0, 65,"u"
-15.43,185.19,249,4.0, 11,"v"
-14.30,167.32,208,4.8, 25,"w"
-18.04,181.57,587,5.0, 51,"x"
-13.90,167.18,221,4.2, 21,"y"
-17.64,177.01,545,5.2, 91,"z"
-17.98,181.51,586,5.2, 68,"a"
-25.00,180.00,488,4.5, 10,"b"
-19.45,184.48,246,4.3, 15,"c"
-16.11,187.48, 61,4.5, 19,"d"
-23.73,179.98,524,4.6, 11,"e"
-17.74,186.78,104,5.1, 71,"f"
-21.56,183.23,271,4.4, 36,"g"
-20.97,181.72,487,4.3, 16,"h"
-15.45,186.73, 83,4.7, 37,"i"
-15.93,167.91,183,5.6,109,"j"
-21.47,185.86, 55,4.9, 46,"k"
-21.44,170.45,166,5.1, 22,"l"
-22.16,180.49,586,4.6, 13,"m"
-13.36,172.76,618,4.4, 18,"n"
-21.22,181.51,524,4.8, 49,"o"
-26.10,182.50,133,4.2, 17,"p"
-18.35,185.27,201,4.7, 57,"q"
-17.20,182.90,383,4.1, 11,"r"
-22.42,171.40, 86,4.7, 33,"s"
-17.91,181.48,555,4.0, 17,"t"
-26.53,178.30,605,4.9, 43,"u"
-26.50,178.29,609,5.0, 50,"v"
-16.31,168.08,204,4.5, 16,"w"
-18.76,169.71,287,4.4, 23,"x"
-17.10,182.80,390,4.0, 14,"y"
-19.28,182.78,348,4.5, 30,"z"
-23.50,180.00,550,4.7, 23,"a"
-21.26,181.69,487,4.4, 20,"b"
-17.97,181.48,578,4.7, 43,"c"
-26.02,181.20,361,4.7, 32,"d"
-30.30,180.80,275,4.0, 14,"e"
-24.89,179.67,498,4.2, 14,"f"
-14.57,167.24,162,4.5, 18,"g"
-15.40,186.87, 78,4.7, 44,"h"
-22.06,183.95,134,4.5, 17,"i"
-25.14,178.42,554,4.1, 15,"j"
-20.30,181.40,608,4.6, 13,"k"
-25.28,181.17,367,4.3, 25,"l"
-20.63,181.61,599,4.6, 30,"m"
-19.02,186.83, 45,5.2, 65,"n"
-22.10,185.30, 50,4.6, 22,"o"
-38.59,175.70,162,4.7, 36,"p"
-19.30,183.00,302,5.0, 65,"q"
-31.03,181.59, 57,5.2, 49,"r"
-30.51,181.30,203,4.4, 20,"s"
-22.55,183.34, 66,4.6, 18,"t"
-22.14,180.64,591,4.5, 18,"u"
-25.60,180.30,440,4.0, 12,"v"
-18.04,181.84,611,4.2, 20,"w"
-21.29,185.77, 57,5.3, 69,"x"
-21.08,180.85,627,5.9,119,"y"
-20.64,169.66, 89,4.9, 42,"z"
-24.41,180.03,500,4.5, 34,"a"
-12.16,167.03,264,4.4, 14,"b"
-17.10,185.90,127,5.4, 75,"c"
-21.13,185.60, 85,5.3, 86,"d"
-12.34,167.43, 50,5.1, 47,"e"
-16.43,186.73, 75,4.1, 20,"f"
-20.70,184.30,182,4.3, 17,"g"
-21.18,180.92,619,4.5, 18,"h"
-17.78,185.33,223,4.1, 10,"i"
-21.57,183.86,156,5.1, 70,"j"
-13.70,166.75, 46,5.3, 71,"k"
-12.27,167.41, 50,4.5, 29,"l"
-19.10,184.52,230,4.1, 16,"m"
-19.85,184.51,184,4.4, 26,"n"
-11.37,166.55,188,4.7, 24,"o"
-20.70,186.30, 80,4.0, 10,"p"
-20.24,185.10, 86,5.1, 61,"q"
-16.40,182.73,391,4.0, 16,"r"
-19.60,184.53,199,4.3, 21,"s"
-21.63,180.77,592,4.3, 21,"t"
-21.60,180.50,595,4.0, 22,"u"
-21.77,181.00,618,4.1, 10,"v"
-21.80,183.60,213,4.4, 17,"w"
-21.05,180.90,616,4.3, 10,"x"
-10.80,165.80,175,4.2, 12,"y"
-17.90,181.50,589,4.0, 12,"z"
-22.26,171.44, 83,4.5, 25,"a"
-22.33,171.46,119,4.7, 32,"b"
-24.04,184.85, 70,5.0, 48,"c"
-20.40,186.10, 74,4.3, 22,"d"
-15.00,184.62, 40,5.1, 54,"e"
-27.87,183.40, 87,4.7, 34,"f"
-14.12,166.64, 63,5.3, 69,"g"
-23.61,180.27,537,5.0, 63,"h"
-21.56,185.50, 47,4.5, 29,"i"
-21.19,181.58,490,5.0, 77,"j"
-18.07,181.65,593,4.1, 16,"k"
-26.00,178.43,644,4.9, 27,"l"
-20.21,181.90,576,4.1, 16,"m"
-28.00,182.00,199,4.0, 16,"n"
-20.74,180.70,589,4.4, 27,"o"
-31.80,180.60,178,4.5, 19,"p"
-18.91,169.46,248,4.4, 33,"q"
-20.45,182.10,500,4.5, 37,"r"
-22.90,183.80, 71,4.3, 19,"s"
-18.11,181.63,568,4.3, 36,"t"
-23.80,184.70, 42,5.0, 36,"u"
-23.42,180.21,510,4.5, 37,"v"
-23.20,184.80, 97,4.5, 13,"w"
-12.93,169.52,663,4.4, 30,"x"
-21.14,181.06,625,4.5, 35,"y"
-19.13,184.97,210,4.1, 22,"z"
-21.08,181.30,557,4.9, 78,"a"
-20.07,181.75,582,4.7, 27,"b"
-20.90,182.02,402,4.3, 18,"c"
-25.04,179.84,474,4.6, 32,"d"
-21.85,180.89,577,4.6, 43,"e"
-19.34,186.59, 56,5.2, 49,"f"
-15.83,167.10, 43,4.5, 19,"g"
-23.73,183.00,118,4.3, 11,"h"
-18.10,181.72,544,4.6, 52,"i"
-22.12,180.49,532,4.0, 14,"j"
-15.39,185.10,237,4.5, 39,"k"
-16.21,186.52,111,4.8, 30,"l"
-21.75,180.67,595,4.6, 30,"m"
-22.10,180.40,603,4.1, 11,"n"
-24.97,179.54,505,4.9, 50,"o"
-19.36,186.36,100,4.7, 40,"p"
-22.14,179.62,587,4.1, 23,"q"
-21.48,182.44,364,4.3, 20,"r"
-18.54,168.93,100,4.4, 17,"s"
-21.62,182.40,350,4.0, 12,"t"
-13.40,166.90,228,4.8, 15,"u"
-15.50,185.30, 93,4.4, 25,"v"
-15.67,185.23, 66,4.4, 34,"w"
-21.78,183.11,225,4.6, 21,"x"
-30.63,180.90,334,4.2, 28,"y"
-15.70,185.10, 70,4.1, 15,"z"
-19.20,184.37,220,4.2, 18,"a"
-19.70,182.44,397,4.0, 12,"b"
-19.40,182.29,326,4.1, 15,"c"
-15.85,185.90,121,4.1, 17,"d"
-17.38,168.63,209,4.7, 29,"e"
-24.33,179.97,510,4.8, 44,"f"
-20.89,185.26, 54,5.1, 44,"g"
-18.97,169.44,242,5.0, 41,"h"
-17.99,181.62,574,4.8, 38,"i"
-15.80,185.25, 82,4.4, 39,"j"
-25.42,182.65,102,5.0, 36,"k"
-21.60,169.90, 43,5.2, 56,"l"
-26.06,180.05,432,4.2, 19,"m"
-17.56,181.23,580,4.1, 16,"n"
-25.63,180.26,464,4.8, 60,"o"
-25.46,179.98,479,4.5, 27,"p"
-22.23,180.48,581,5.0, 54,"q"
-21.55,181.39,513,5.1, 81,"r"
-15.18,185.93, 77,4.1, 16,"s"
-13.79,166.56, 68,4.7, 41,"t"
-15.18,167.23, 71,5.2, 59,"u"
-18.78,186.72, 68,4.8, 48,"v"
-17.90,181.41,586,4.5, 33,"w"
-18.50,185.40,243,4.0, 11,"x"
-14.82,171.17,658,4.7, 49,"y"
-15.65,185.17,315,4.1, 15,"z"
-30.01,181.15,210,4.3, 17,"a"
-13.16,167.24,278,4.3, 17,"b"
-21.03,180.78,638,4.0, 14,"c"
-21.40,180.78,615,4.7, 51,"d"
-17.93,181.89,567,4.1, 27,"e"
-20.87,181.70,560,4.2, 13,"f"
-12.01,166.66, 99,4.8, 36,"g"
-19.10,169.63,266,4.8, 31,"h"
-22.85,181.37,397,4.2, 15,"i"
-17.08,185.96,180,4.2, 29,"j"
-21.14,174.21, 40,5.7, 78,"k"
-12.23,167.02,242,6.0,132,"l"
-20.91,181.57,530,4.2, 20,"m"
-11.38,167.05,133,4.5, 32,"n"
-11.02,167.01, 62,4.9, 36,"o"
-22.09,180.58,580,4.4, 22,"p"
-17.80,181.20,530,4.0, 15,"q"
-18.94,182.43,566,4.3, 20,"r"
-18.85,182.20,501,4.2, 23,"s"
-21.91,181.28,548,4.5, 30,"t"
-22.03,179.77,587,4.8, 31,"u"
-18.10,181.63,592,4.4, 28,"v"
-18.40,184.84,221,4.2, 18,"w"
-21.20,181.40,560,4.2, 12,"x"
-12.00,166.20, 94,5.0, 31,"y"
-11.70,166.30,139,4.2, 15,"z"
-26.72,182.69,162,5.2, 64,"a"
-24.39,178.98,562,4.5, 30,"b"
-19.64,169.50,204,4.6, 35,"c"
-21.35,170.04, 56,5.0, 22,"d"
-22.82,184.52, 49,5.0, 52,"e"
-38.28,177.10,100,5.4, 71,"f"
-12.57,167.11,231,4.8, 28,"g"
-22.24,180.28,601,4.2, 21,"h"
-13.80,166.53, 42,5.5, 70,"i"
-21.07,183.78,180,4.3, 25,"j"
-17.74,181.25,559,4.1, 16,"k"
-23.87,180.15,524,4.4, 22,"l"
-21.29,185.80, 69,4.9, 74,"m"
-22.20,180.58,594,4.5, 45,"n"
-15.24,185.11,262,4.9, 56,"o"
-17.82,181.27,538,4.0, 33,"p"
-32.14,180.00,331,4.5, 27,"q"
-19.30,185.86, 48,5.0, 40,"r"
-33.09,180.94, 47,4.9, 47,"s"
-20.18,181.62,558,4.5, 31,"t"
-17.46,181.42,524,4.2, 16,"u"
-17.44,181.33,545,4.2, 37,"v"
-24.71,179.85,477,4.2, 34,"w"
-21.53,170.52,129,5.2, 30,"x"
-19.17,169.53,268,4.3, 21,"y"
-28.05,182.39,117,5.1, 43,"z"
-23.39,179.97,541,4.6, 50,"a"
-22.33,171.51,112,4.6, 14,"b"
-15.28,185.98,162,4.4, 36,"c"
-20.27,181.51,609,4.4, 32,"d"
-10.96,165.97, 76,4.9, 64,"e"
-21.52,169.75, 61,5.1, 40,"f"
-19.57,184.47,202,4.2, 28,"g"
-23.08,183.45, 90,4.7, 30,"h"
-25.06,182.80,133,4.0, 14,"i"
-17.85,181.44,589,5.6,115,"j"
-15.99,167.95,190,5.3, 81,"k"
-20.56,184.41,138,5.0, 82,"l"
-17.98,181.61,598,4.3, 27,"m"
-18.40,181.77,600,4.1, 11,"n"
-27.64,182.22,162,5.1, 67,"o"
-20.99,181.02,626,4.5, 36,"p"
-14.86,167.32,137,4.9, 22,"q"
-29.33,182.72, 57,5.4, 61,"r"
-25.81,182.54,201,4.7, 40,"s"
-14.10,166.01, 69,4.8, 29,"t"
-17.63,185.13,219,4.5, 28,"u"
-23.47,180.21,553,4.2, 23,"v"
-23.92,180.21,524,4.6, 50,"w"
-20.88,185.18, 51,4.6, 28,"x"
-20.25,184.75,107,5.6,121,"y"
-19.33,186.16, 44,5.4,110,"z"
-18.14,181.71,574,4.0, 20,"a"
-22.41,183.99,128,5.2, 72,"b"
-20.77,181.16,568,4.2, 12,"c"
-17.95,181.73,583,4.7, 57,"d"
-20.83,181.01,622,4.3, 15,"e"
-27.84,182.10,193,4.8, 27,"f"
-19.94,182.39,544,4.6, 30,"g"
-23.60,183.99,118,5.4, 88,"h"
-23.70,184.13, 51,4.8, 27,"i"
-30.39,182.40, 63,4.6, 22,"j"
-18.98,182.32,442,4.2, 22,"k"
-27.89,182.92, 87,5.5, 67,"l"
-23.50,184.90, 61,4.7, 16,"m"
-23.73,184.49, 60,4.7, 35,"n"
-17.93,181.62,561,4.5, 32,"o"
-35.94,178.52,138,5.5, 78,"p"
-18.68,184.50,174,4.5, 34,"q"
-23.47,179.95,543,4.1, 21,"r"
-23.49,180.06,530,4.0, 23,"s"
-23.85,180.26,497,4.3, 32,"t"
-27.08,183.44, 63,4.7, 27,"u"
-20.88,184.95, 82,4.9, 50,"v"
-20.97,181.20,605,4.5, 31,"w"
-21.71,183.58,234,4.7, 55,"x"
-23.90,184.60, 41,4.5, 22,"y"
-15.78,167.44, 40,4.8, 42,"z"
-12.57,166.72,137,4.3, 20,"a"
-19.69,184.23,223,4.1, 23,"b"
-22.04,183.95,109,5.4, 61,"c"
-17.99,181.59,595,4.1, 26,"d"
-23.50,180.13,512,4.8, 40,"e"
-21.40,180.74,613,4.2, 20,"f"
-15.86,166.98, 60,4.8, 25,"g"
-23.95,184.64, 43,5.4, 45,"h"
-25.79,182.38,172,4.4, 14,"i"
-23.75,184.50, 54,5.2, 74,"j"
-24.10,184.50, 68,4.7, 23,"k"
-18.56,169.05,217,4.9, 35,"l"
-23.30,184.68,102,4.9, 27,"m"
-17.03,185.74,178,4.2, 32,"n"
-20.77,183.71,251,4.4, 47,"o"
-28.10,183.50, 42,4.4, 17,"p"
-18.83,182.26,575,4.3, 11,"q"
-23.00,170.70, 43,4.9, 20,"r"
-20.82,181.67,577,5.0, 67,"s"
-22.95,170.56, 42,4.7, 21,"t"
-28.22,183.60, 75,4.9, 49,"u"
-27.99,183.50, 71,4.3, 22,"v"
-15.54,187.15, 60,4.5, 17,"w"
-12.37,166.93,291,4.2, 16,"x"
-22.33,171.66,125,5.2, 51,"y"
-22.70,170.30, 69,4.8, 27,"z"
-17.86,181.30,614,4.0, 12,"a"
-16.00,184.53,108,4.7, 33,"b"
-20.73,181.42,575,4.3, 18,"c"
-15.45,181.42,409,4.3, 27,"d"
-20.05,183.86,243,4.9, 65,"e"
-17.95,181.37,642,4.0, 17,"f"
-17.70,188.10, 45,4.2, 10,"g"
-25.93,179.54,470,4.4, 22,"h"
-12.28,167.06,248,4.7, 35,"i"
-20.13,184.20,244,4.5, 34,"j"
-17.40,187.80, 40,4.5, 14,"k"
-21.59,170.56,165,6.0,119,"l"
