"","Year","Latitude","Longitude","Sea.Surface.Temp","Air.Temp","Humidity","UWind","VWind"
"1",1997,0,-110,27.5900001525879,27.1499996185303,79.5999984741211,-6.40000009536743,5.40000009536743
"2",1997,0,-110,27.5499992370605,27.0200004577637,75.8000030517578,-5.30000019073486,5.30000019073486
"3",1997,0,-110,27.5699996948242,27,76.5,-5.09999990463257,4.5
"4",1997,0,-110,27.6200008392334,26.9300003051758,76.1999969482422,-4.90000009536743,2.5
"5",1997,0,-110,27.6499996185303,26.8400001525879,76.4000015258789,-3.5,4.09999990463257
"6",1997,0,-110,27.8299999237061,26.9400005340576,76.6999969482422,-4.40000009536743,1.60000002384186
"7",1997,0,-110,28.0100002288818,27.0400009155273,76.5,-2,3.5
"8",1997,0,-110,28.0400009155273,27.1100006103516,78.3000030517578,-3.70000004768372,4.5
"9",1997,0,-110,28.0200004577637,27.2099990844727,78.5999984741211,-4.19999980926514,5
"10",1997,0,-110,28.0499992370605,27.25,76.9000015258789,-3.59999990463257,3.5
"11",1997,0,-110,28.0699996948242,27.2299995422363,77.5999984741211,-3.70000004768372,2.90000009536743
"12",1997,0,-110,28.0900001525879,27.3199996948242,77.5,-4.80000019073486,1.79999995231628
"13",1997,0,-110,28.2000007629395,27.3099994659424,80.0999984741211,-3.5,1.89999997615814
"14",1997,0,-110,28.25,26.4400005340576,85.1999969482422,-1,1.79999995231628
"15",1997,0,-110,28.4200000762939,26.7800006866455,79.8000030517578,-1.5,0.899999976158142
"16",1997,0,-110,28.5799999237061,27.4200000762939,76.3000030517578,-2.59999990463257,0.699999988079071
"17",1997,0,-110,28.5200004577637,27.5,81.8000030517578,-4.40000009536743,2.90000009536743
"18",1997,0,-110,28.3500003814697,27.0900001525879,84.5999984741211,-5.80000019073486,3.29999995231628
"19",1997,0,-110,28.2800006866455,27.2900009155273,81.3000030517578,-7.30000019073486,3.79999995231628
"20",1997,0,-110,28.1800003051758,27.0900001525879,84.6999969482422,-6.30000019073486,4.69999980926514
"21",1997,0,-110,28.0599994659424,27.0599994659424,83.9000015258789,-4.80000019073486,6.80000019073486
"22",1997,0,-110,28.0400009155273,27.2800006866455,79.1999969482422,-3.20000004768372,6.69999980926514
"23",1997,0,-110,28.0900001525879,27.2999992370605,77.5,-2.20000004768372,3.5
"24",1997,0,-110,28.1200008392334,27.5100002288818,80.4000015258789,-4.90000009536743,1.89999997615814
"25",1997,0,-110,28.1299991607666,27.5400009155273,82.5,-5.69999980926514,1.5
"26",1997,0,-110,28.1100006103516,27.6200008392334,81.5,-5.30000019073486,2.90000009536743
"27",1997,0,-110,28.1499996185303,27.5100002288818,81,-4.40000009536743,4
"28",1997,0,-110,28.1900005340576,27.6000003814697,80.6999969482422,-5.09999990463257,4.19999980926514
"29",1997,0,-110,28.1700000762939,27.6399993896484,81,-6.59999990463257,2.40000009536743
"30",1997,0,-110,28.2099990844727,27.5599994659424,77,-4.59999990463257,4.19999980926514
"31",1997,0,-110,28.2099990844727,27.5200004577637,76.5,-2.90000009536743,4.30000019073486
"32",1997,0,-110,28.25,26.8099994659424,84.6999969482422,-3,2.59999990463257
"33",1997,0,-110,28.2600002288818,27.0400009155273,86.6999969482422,-5,1.79999995231628
"34",1997,0,-110,28.2299995422363,27.1800003051758,87.1999969482422,-6.30000019073486,2.40000009536743
"35",1997,0,-110,28.3199996948242,27.8400001525879,82.5999984741211,-6.5,4.30000019073486
"36",1997,0,-110,28.0200004577637,25.7600002288818,91.0999984741211,-1.39999997615814,2.90000009536743
"37",1997,0,-110,28.0300006866455,26.3799991607666,86.5999984741211,0,2.29999995231628
"38",1997,0,-110,28.1499996185303,27,87,-1.29999995231628,2.79999995231628
"39",1997,0,-110,28.5200004577637,26.8799991607666,89.3000030517578,-4.09999990463257,3.59999990463257
"40",1997,0,-110,28.4799995422363,26.2900009155273,88.9000015258789,-1.79999995231628,-1.29999995231628
"41",1997,0,-110,28.5599994659424,27.1700000762939,83.8000030517578,-3.59999990463257,3
"42",1997,0,-110,28.5900001525879,27.5,84.5999984741211,-3.90000009536743,4.09999990463257
"43",1997,0,-110,28.4599990844727,26.2199993133545,89.3000030517578,1.20000004768372,3.59999990463257
"44",1997,0,-110,28.4200000762939,27.7800006866455,78.9000015258789,-4,4.69999980926514
"45",1997,0,-110,28.5499992370605,27.6499996185303,78.5,-3.59999990463257,3.20000004768372
"46",1997,0,-110,28.5200004577637,26.5799999237061,85.5999984741211,-2,3.79999995231628
"47",1997,0,-110,28.5100002288818,27.2199993133545,82.0999984741211,-2.40000009536743,3.5
"48",1997,0,-110,28.7199993133545,27.2000007629395,81,-0.899999976158142,0.100000001490116
"49",1997,0,-110,28.9799995422363,27.6800003051758,82.8000030517578,-3.79999995231628,2.20000004768372
"50",1997,0,-110,28.5699996948242,26.5900001525879,89.4000015258789,-4.59999990463257,2.90000009536743
"51",1997,0,-110,28.5,27.2700004577637,87.1999969482422,-5.59999990463257,1.20000004768372
"52",1997,0,-110,28.5300006866455,26.5200004577637,90.3000030517578,-3.59999990463257,-1.10000002384186
"53",1997,0,-110,28.7299995422363,27.6399993896484,87,-2.09999990463257,2.29999995231628
"54",1997,0,-110,29.0200004577637,27.7800006866455,83.4000015258789,-4.09999990463257,-0.100000001490116
"55",1997,0,-110,28.9400005340576,27.2399997711182,86.5,-4.80000019073486,0.899999976158142
"56",1997,0,-110,28.8600006103516,27.3999996185303,86.9000015258789,-6.30000019073486,0.699999988079071
"57",1997,0,-110,28.7800006866455,26.7700004577637,89.8000030517578,-5,0.100000001490116
"58",1997,0,-110,28.8299999237061,27.1499996185303,86.3000030517578,-1.39999997615814,0.5
"59",1997,0,-110,29.0799999237061,27.3099994659424,86.8000030517578,0.200000002980232,1.60000002384186
"60",1997,0,-110,28.9099998474121,27.4899997711182,86.0999984741211,-5.59999990463257,1.5
"61",1997,0,-110,28.7399997711182,27.3099994659424,88.9000015258789,-6.40000009536743,-0.899999976158142
"62",1997,0,-110,28.6499996185303,27.7399997711182,89.3000030517578,-7.19999980926514,-4
"63",1997,0,-110,28.5699996948242,27.6000003814697,90.4000015258789,-7.90000009536743,-2.29999995231628
"64",1997,0,-110,28.5100002288818,28.3700008392334,88,-5.40000009536743,-6.19999980926514
"65",1997,0,-110,28.5900001525879,28.2800006866455,88.0999984741211,0.100000001490116,-4.40000009536743
"66",1997,0,-110,28.4799995422363,26.4200000762939,90.1999969482422,0.800000011920929,2.20000004768372
"67",1997,0,-110,28.6299991607666,27.6299991607666,81.9000015258789,0.100000001490116,2.40000009536743
"68",1997,0,-110,29,28.1000003814697,82.3000030517578,-0.400000005960464,0.899999976158142
"69",1997,0,-110,29.0900001525879,27.2800006866455,87.0999984741211,-2.40000009536743,-1
"70",1997,0,-110,28.7800006866455,27.4200000762939,88.1999969482422,-1.89999997615814,-1.39999997615814
"71",1997,0,-110,28.7600002288818,27.3299999237061,89.5999984741211,-3.09999990463257,-0.400000005960464
"72",1997,0,-110,28.7800006866455,26.9099998474121,88.5,-2.90000009536743,1.60000002384186
"73",1997,0,-110,29.0300006866455,28.0799999237061,86.8000030517578,-3.90000009536743,-1.70000004768372
"74",1997,0,-110,28.7800006866455,26.9799995422363,91.3000030517578,-3.90000009536743,-3.70000004768372
"75",1997,0,-110,28.7600002288818,27.6399993896484,85.8000030517578,-2.40000009536743,-2.40000009536743
"76",1997,0,-110,28.7299995422363,27.1299991607666,89.5999984741211,-1.89999997615814,-0.800000011920929
"77",1997,0,-110,28.6599998474121,26.8299999237061,92.0999984741211,-1.5,3.90000009536743
"78",1997,0,-110,28.7000007629395,27.0599994659424,89.9000015258789,1.79999995231628,0.800000011920929
"79",1997,0,-110,28.8299999237061,27.6800003051758,86,0.800000011920929,-0.699999988079071
"80",1997,0,-110,28.8899993896484,27.8700008392334,86.6999969482422,-3.59999990463257,-0.800000011920929
"81",1997,0,-110,28.8199996948242,27.8400001525879,86.6999969482422,-3.70000004768372,-0.400000005960464
"82",1997,0,-110,28.8999996185303,26.8999996185303,90.9000015258789,-2.79999995231628,-1.70000004768372
"83",1997,0,-110,29.0400009155273,27.5499992370605,89,-4.09999990463257,-1.60000002384186
"84",1997,0,-110,29.0599994659424,27.5200004577637,88,-1.29999995231628,-0.699999988079071
"85",1997,0,-110,29,27.2800006866455,90.0999984741211,-3.09999990463257,0.5
"86",1997,0,-110,29.0400009155273,27.8099994659424,87.5999984741211,-2.79999995231628,-1.5
"87",1997,0,-110,29.2199993133545,28.3999996185303,85.3000030517578,-2.90000009536743,-1.70000004768372
"88",1997,0,-110,29.3299999237061,27.6700000762939,89.6999969482422,-0.899999976158142,2.09999990463257
"89",1997,0,-110,29.2900009155273,27.9500007629395,88.1999969482422,-0.300000011920929,0.300000011920929
"90",1997,0,-110,29.4099998474121,27.7800006866455,89.9000015258789,-2.5,-1.5
"91",1997,0,-110,29.3299999237061,28.2999992370605,89.0999984741211,-3.09999990463257,-1.20000004768372
"92",1997,0,-110,29.5499992370605,28.3299999237061,87.5999984741211,-3.29999995231628,-1.29999995231628
"93",1997,0,-95,26.7900009155273,26.3899993896484,79.4000015258789,-4.5,4.90000009536743
"94",1997,0,-95,26.6800003051758,26.1900005340576,77.6999969482422,-3.59999990463257,6
"95",1997,0,-95,26.6200008392334,26.1499996185303,78.4000015258789,-2.59999990463257,6.09999990463257
"96",1997,0,-95,26.5900001525879,26.3899993896484,80.5,-2.40000009536743,5
"97",1997,0,-95,26.6399993896484,26.2700004577637,81.9000015258789,-2.90000009536743,6.90000009536743
"98",1997,0,-95,26.6900005340576,26.3500003814697,78.4000015258789,-2.29999995231628,6.40000009536743
"99",1997,0,-95,26.8500003814697,26.1499996185303,75.9000015258789,-1.20000004768372,4.5
"100",1997,0,-95,26.9099998474121,25.8299999237061,78.4000015258789,0.899999976158142,4
"101",1997,0,-95,27.0300006866455,26.2700004577637,73.8000030517578,0.200000002980232,5.09999990463257
"102",1997,0,-95,27.2399997711182,26.3099994659424,73.5,-1.10000002384186,3.90000009536743
"103",1997,0,-95,27.4599990844727,26.5900001525879,75.5999984741211,-0.600000023841858,3.40000009536743
"104",1997,0,-95,27.4899997711182,26.8700008392334,78.6999969482422,-1.89999997615814,5.40000009536743
"105",1997,0,-95,27.3999996185303,26.6299991607666,81.5999984741211,-2.79999995231628,5.30000019073486
"106",1997,0,-95,27.6200008392334,26.6700000762939,79.4000015258789,-3,5.30000019073486
"107",1997,0,-95,27.7299995422363,26.7900009155273,78,-3.59999990463257,6
"108",1997,0,-95,27.6900005340576,NA,79.8000030517578,-0.600000023841858,4.19999980926514
"109",1997,0,-95,27.6299991607666,NA,74.5,-3.90000009536743,5.80000019073486
"110",1997,0,-95,27.5100002288818,NA,76.3000030517578,-2.79999995231628,5.30000019073486
"111",1997,0,-95,27.5400009155273,NA,81.5999984741211,-2.29999995231628,5.59999990463257
"112",1997,0,-95,27.4699993133545,NA,81.9000015258789,-4.59999990463257,6.09999990463257
"113",1997,0,-95,27.4400005340576,NA,74.1999969482422,-4.40000009536743,6.5
"114",1997,0,-95,27.4500007629395,NA,72.0999984741211,-2.59999990463257,6.09999990463257
"115",1997,0,-95,27.5200004577637,NA,72.4000015258789,-0.100000001490116,4.90000009536743
"116",1997,0,-95,27.4899997711182,NA,81.5999984741211,1.29999995231628,2.70000004768372
"117",1997,0,-95,27.6000003814697,NA,74.5,-1,5.5
"118",1997,0,-95,27.5900001525879,NA,73.8000030517578,-0.699999988079071,6.19999980926514
"119",1997,0,-95,27.5599994659424,NA,75.5999984741211,-1.60000002384186,6.09999990463257
"120",1997,0,-95,27.5300006866455,NA,75.9000015258789,-2.20000004768372,7.19999980926514
"121",1997,0,-95,27.5499992370605,NA,76.5999984741211,-2.70000004768372,6.5
"122",1997,0,-95,27.6000003814697,NA,80.1999969482422,0.100000001490116,6.09999990463257
"123",1997,0,-95,27.6000003814697,NA,81.9000015258789,-1.20000004768372,4.90000009536743
"124",1997,0,-95,27.6100006103516,NA,83,-2.90000009536743,4.30000019073486
"125",1997,0,-95,27.7000007629395,NA,80.9000015258789,-5.30000019073486,4.59999990463257
"126",1997,0,-95,27.75,NA,78.4000015258789,-4.40000009536743,5.09999990463257
"127",1997,0,-95,27.8099994659424,NA,83,-4.69999980926514,2.70000004768372
"128",1997,0,-95,27.8700008392334,NA,84.4000015258789,-4.5,2.40000009536743
"129",1997,0,-95,27.9699993133545,NA,84,-4.09999990463257,2.79999995231628
"130",1997,0,-95,28.0300006866455,NA,83.3000030517578,-2.90000009536743,3.5
"131",1997,0,-95,27.9699993133545,NA,83,-3.5,4.40000009536743
"132",1997,0,-95,28.1399993896484,NA,82.3000030517578,-4.09999990463257,4.69999980926514
"133",1997,0,-95,28.0200004577637,NA,85.0999984741211,-1.5,1.39999997615814
"134",1997,0,-95,27.9300003051758,NA,79.4000015258789,-3.40000009536743,4.19999980926514
"135",1997,0,-95,28,NA,79.8000030517578,-3,4.09999990463257
"136",1997,0,-95,28.0100002288818,NA,84.4000015258789,-2.09999990463257,4.40000009536743
"137",1997,0,-95,27.9099998474121,NA,87.5,0.200000002980232,1.29999995231628
"138",1997,0,-95,27.8899993896484,NA,83.3000030517578,-0.100000001490116,2.20000004768372
"139",1997,0,-95,28.1499996185303,NA,82.3000030517578,-2,2.79999995231628
"140",1997,0,-95,28.4699993133545,NA,81.5999984741211,-2.29999995231628,1.29999995231628
"141",1997,0,-95,28.6100006103516,NA,79.0999984741211,-4,0.899999976158142
"142",1997,0,-95,28.7399997711182,NA,78.6999969482422,-4.59999990463257,-0.800000011920929
"143",1997,0,-95,28.7399997711182,NA,80.5,-4.69999980926514,1.20000004768372
"144",1997,0,-95,28.8299999237061,NA,80.5,-4,1.10000002384186
"145",1997,0,-95,28.7900009155273,NA,85.0999984741211,-4.90000009536743,0.100000001490116
"146",1997,0,-95,28.3299999237061,NA,88.9000015258789,-1.60000002384186,1
"147",1997,0,-95,28.2099990844727,NA,84.6999969482422,2.09999990463257,-0.600000023841858
"148",1997,0,-95,28.4099998474121,NA,79.4000015258789,-2.29999995231628,1.5
"149",1997,0,-95,28.7399997711182,NA,73.8000030517578,-1.5,0.200000002980232
"150",1997,0,-95,28.9300003051758,NA,82.3000030517578,0.600000023841858,2.59999990463257
"151",1997,0,-95,28.5499992370605,NA,84.4000015258789,1.60000002384186,-1
"152",1997,0,-95,28.75,NA,84,0.200000002980232,2.70000004768372
"153",1997,0,-95,28.75,NA,81.9000015258789,-3.40000009536743,2.09999990463257
"154",1997,0,-95,28.9500007629395,NA,80.5,-5.19999980926514,-3.40000009536743
"155",1997,0,-95,28.8299999237061,NA,79.0999984741211,-5.30000019073486,-4.40000009536743
"156",1997,0,-95,28.7199993133545,NA,80.1999969482422,-5.19999980926514,-3.40000009536743
"157",1997,0,-95,28.5400009155273,NA,82.5999984741211,-2.70000004768372,-1.60000002384186
"158",1997,0,-95,28.25,NA,84.6999969482422,1.89999997615814,1.79999995231628
"159",1997,0,-95,28.3600006103516,NA,86.0999984741211,4.30000019073486,1.10000002384186
"160",1997,0,-95,28.2099990844727,NA,85.8000030517578,2.70000004768372,1.60000002384186
"161",1997,0,-95,28.1399993896484,NA,86.5,-1.89999997615814,-2.20000004768372
"162",1997,0,-95,28.6100006103516,NA,80.5,-2.90000009536743,-1.79999995231628
"163",1997,0,-95,28.9200000762939,NA,80.9000015258789,-3,-0.600000023841858
"164",1997,0,-95,28.9099998474121,NA,80.5,-2.20000004768372,-2.90000009536743
"165",1997,0,-95,29.2299995422363,NA,78.4000015258789,0.100000001490116,-2.5
"166",1997,0,-95,29.3500003814697,NA,79.0999984741211,-2.70000004768372,-1.79999995231628
"167",1997,0,-95,29.3899993896484,NA,77.3000030517578,-3.20000004768372,-4.40000009536743
"168",1997,0,-95,29.2399997711182,NA,80.5,-2.90000009536743,-3.40000009536743
"169",1997,0,-95,29.1399993896484,NA,79.4000015258789,-1.5,0
"170",1997,0,-95,29.1399993896484,NA,82.3000030517578,-1.29999995231628,-4.09999990463257
"171",1997,0,-95,29,NA,75.5999984741211,-0.699999988079071,-2.79999995231628
"172",1997,0,-95,29.3799991607666,NA,77,-2.29999995231628,-1.29999995231628
"173",1997,0,-95,29.5699996948242,NA,79.0999984741211,-2,1.70000004768372
"174",1997,0,-95,29.6499996185303,NA,77,-2,0.800000011920929
"175",1997,0,-95,29.8899993896484,NA,74.5,-3,-0.200000002980232
"176",1997,0,-95,30.1700000762939,NA,77.6999969482422,-1.39999997615814,0.699999988079071
"177",1997,0,-95,29.9500007629395,NA,78,0.899999976158142,-4
"178",1997,0,-95,29.6299991607666,NA,76.3000030517578,-0.400000005960464,-3.90000009536743
"179",1997,0,-95,29.5599994659424,NA,79.0999984741211,-2.29999995231628,0.400000005960464
"180",1997,0,-95,29.4400005340576,NA,83,-0.200000002980232,2
"181",1997,0,-95,29.4799995422363,NA,84,1.89999997615814,-1.20000004768372
"182",1997,0,-95,29.4300003051758,NA,81.1999969482422,-0.400000005960464,0.5
"183",1997,0,-95,29.3799991607666,NA,79.8000030517578,-3.90000009536743,2.59999990463257
"184",1997,0,-95,29.2099990844727,NA,79.4000015258789,-4.09999990463257,-1.10000002384186
"185",1997,-5,-95,26.6000003814697,25.4699993133545,82.3000030517578,-6.80000019073486,5.09999990463257
"186",1997,-5,-95,26.6499996185303,25.6299991607666,79.9000015258789,-5.80000019073486,5.19999980926514
"187",1997,-5,-95,26.6700000762939,25.2000007629395,85.6999969482422,-5.19999980926514,5.30000019073486
"188",1997,-5,-95,26.5900001525879,25.4699993133545,85.1999969482422,-5.40000009536743,4.09999990463257
"189",1997,-5,-95,26.4799995422363,25.8199996948242,81.9000015258789,-5.09999990463257,5
"190",1997,-5,-95,26.5499992370605,25.7800006866455,79,-3.40000009536743,4.40000009536743
"191",1997,-5,-95,26.6399993896484,25.7399997711182,77.4000015258789,-3.20000004768372,4.19999980926514
"192",1997,-5,-95,26.8299999237061,25.7399997711182,76.0999984741211,-1.10000002384186,3.70000004768372
"193",1997,-5,-95,26.8299999237061,25.8600006103516,78.1999969482422,-3.09999990463257,3.59999990463257
"194",1997,-5,-95,26.7800006866455,25.8600006103516,81.5,-4.90000009536743,3.59999990463257
"195",1997,-5,-95,26.8199996948242,26.0100002288818,81.0999984741211,-4.80000019073486,4
"196",1997,-5,-95,26.8199996948242,25.9699993133545,82.8000030517578,-5.5,4.69999980926514
"197",1997,-5,-95,26.7999992370605,26.1299991607666,84,-5.5,6.09999990463257
"198",1997,-5,-95,26.7800006866455,25.7800006866455,84,-6.5,3.70000004768372
"199",1997,-5,-95,26.7700004577637,26.0900001525879,80.6999969482422,-6.30000019073486,4.59999990463257
"200",1997,-5,-95,26.8099994659424,25.9699993133545,79,-4.59999990463257,4
"201",1997,-5,-95,26.8899993896484,26.0499992370605,79.4000015258789,-6,3.20000004768372
"202",1997,-5,-95,26.9099998474121,26.1299991607666,79.9000015258789,-5.80000019073486,4
"203",1997,-5,-95,26.8999996185303,26.3199996948242,82.8000030517578,-5.5,5.90000009536743
"204",1997,-5,-95,26.8899993896484,26.0499992370605,81.0999984741211,-6.5,4.90000009536743
"205",1997,-5,-95,26.8999996185303,25.8199996948242,80.6999969482422,-5.40000009536743,4.09999990463257
"206",1997,-5,-95,26.9300003051758,26.2000007629395,78.1999969482422,-5.30000019073486,2.70000004768372
"207",1997,-5,-95,27.0499992370605,26.4400005340576,79,-3,4.40000009536743
"208",1997,-5,-95,27.1100006103516,26.3600006103516,81.0999984741211,-3.59999990463257,4
"209",1997,-5,-95,27.1100006103516,26.1299991607666,79.9000015258789,-4.09999990463257,3.90000009536743
"210",1997,-5,-95,27.1200008392334,26.2800006866455,79.4000015258789,-4,4.5
"211",1997,-5,-95,27.1100006103516,26.4400005340576,77.8000030517578,-5.19999980926514,4.09999990463257
"212",1997,-5,-95,27.1399993896484,26.4699993133545,72.8000030517578,-5.09999990463257,3.70000004768372
"213",1997,-5,-95,27.1599998474121,26.4699993133545,77,-5.69999980926514,3.5
"214",1997,-5,-95,27.1900005340576,26.5100002288818,79,-5.19999980926514,4.09999990463257
"215",1997,-5,-95,27.2299995422363,26.6700000762939,83.1999969482422,-5.09999990463257,4.69999980926514
"216",1997,-5,-95,27.2800006866455,26.6700000762939,84,-6.09999990463257,4.59999990463257
"217",1997,-5,-95,27.3299999237061,26.6700000762939,81.9000015258789,-6,4.19999980926514
"218",1997,-5,-95,27.3999996185303,26.6700000762939,80.6999969482422,-6,2.79999995231628
"219",1997,-5,-95,27.5300006866455,26.9799995422363,78.5999984741211,-5.09999990463257,3.70000004768372
"220",1997,-5,-95,27.5699996948242,26.9799995422363,82.3000030517578,-5.30000019073486,4.69999980926514
"221",1997,-5,-95,27.5900001525879,26.8600006103516,82.8000030517578,-4.19999980926514,5.5
"222",1997,-5,-95,27.6100006103516,27.0499992370605,84,-4.09999990463257,5.09999990463257
"223",1997,-5,-95,27.5699996948242,27.0499992370605,85.6999969482422,-4.90000009536743,4.80000019073486
"224",1997,-5,-95,27.5599994659424,27.1299991607666,86.9000015258789,-5.5,3.70000004768372
"225",1997,-5,-95,27.5599994659424,27.0900001525879,83.5999984741211,-5,5.19999980926514
"226",1997,-5,-95,27.6000003814697,26.8600006103516,84,-5.19999980926514,4.09999990463257
"227",1997,-5,-95,27.6100006103516,26.8600006103516,85.1999969482422,-4.69999980926514,3.79999995231628
"228",1997,-5,-95,27.5599994659424,27.0100002288818,83.1999969482422,-5.5,5.09999990463257
"229",1997,-5,-95,27.5699996948242,26.9799995422363,82.3000030517578,-4.90000009536743,6
"230",1997,-5,-95,27.6000003814697,26.9400005340576,78.5999984741211,-5,5.19999980926514
"231",1997,-5,-95,27.6200008392334,26.8600006103516,85.1999969482422,-4.40000009536743,5.5
"232",1997,-5,-95,27.6100006103516,26.9799995422363,84.8000030517578,-3.5,5.80000019073486
"233",1997,-5,-95,27.5900001525879,26.7099990844727,86.5,-4.90000009536743,5
"234",1997,-5,-95,27.6599998474121,26.7399997711182,90.5999984741211,-4.69999980926514,2.59999990463257
"235",1997,-5,-95,27.6800003051758,27.1700000762939,88.0999984741211,-6.59999990463257,3.09999990463257
"236",1997,-5,-95,27.6399993896484,26.9400005340576,87.6999969482422,-7.90000009536743,4.5
"237",1997,-5,-95,27.6000003814697,27.2099990844727,81.5,-6.90000009536743,3.70000004768372
"238",1997,-5,-95,27.6299991607666,27.1299991607666,79.4000015258789,-4.69999980926514,4.80000019073486
"239",1997,-5,-95,27.6599998474121,27.0499992370605,81.9000015258789,-4.30000019073486,3.70000004768372
"240",1997,-5,-95,27.6499996185303,27.1299991607666,86.9000015258789,-5.5,3.90000009536743
"241",1997,-5,-95,27.5900001525879,27.2800006866455,86.9000015258789,-5.90000009536743,4.80000019073486
"242",1997,-5,-95,27.6000003814697,27.0900001525879,84.8000030517578,-5.19999980926514,5.30000019073486
"243",1997,-5,-95,27.6000003814697,27.0499992370605,77,-4.30000019073486,5.09999990463257
"244",1997,-5,-95,27.5499992370605,27.0499992370605,79,-5.30000019073486,3.5
"245",1997,-5,-95,27.5499992370605,26.8600006103516,87.3000030517578,-6.09999990463257,3.79999995231628
"246",1997,-5,-95,27.6599998474121,26.8999996185303,91.9000015258789,-6.30000019073486,2.40000009536743
"247",1997,-5,-95,27.7099990844727,27.3999996185303,91,-6.09999990463257,3.59999990463257
"248",1997,-5,-95,27.7999992370605,27.3999996185303,88.0999984741211,-7.09999990463257,3.70000004768372
"249",1997,-5,-95,27.9099998474121,27.3600006103516,82.8000030517578,-5.19999980926514,4.5
"250",1997,-5,-95,28.1100006103516,27.3199996948242,81.9000015258789,-2.59999990463257,4.30000019073486
"251",1997,-5,-95,28.2099990844727,27.6700000762939,83.5999984741211,-2.59999990463257,4.30000019073486
"252",1997,-5,-95,28.2800006866455,27.6299991607666,83.5999984741211,-3.70000004768372,3.70000004768372
"253",1997,-5,-95,28.3199996948242,27.4799995422363,86.9000015258789,-4.90000009536743,2.79999995231628
"254",1997,-5,-95,28.3500003814697,27.4799995422363,88.5999984741211,-5.69999980926514,3.5
"255",1997,-5,-95,28.3899993896484,27.6299991607666,90.1999969482422,-6.69999980926514,3.5
"256",1997,-5,-95,28.3600006103516,27.1299991607666,90.5999984741211,-4.5,4.59999990463257
"257",1997,-5,-95,28.2299995422363,26.7399997711182,91,-3.09999990463257,5
"258",1997,-5,-95,28.2600002288818,27.6299991607666,83.1999969482422,-5.19999980926514,4.09999990463257
"259",1997,-5,-95,28.3099994659424,27.3600006103516,85.6999969482422,-3.70000004768372,2.59999990463257
"260",1997,-5,-95,28.4300003051758,27.75,88.0999984741211,-4,2.90000009536743
"261",1997,-5,-95,28.6000003814697,27.6700000762939,89,-0.800000011920929,3.09999990463257
"262",1997,-5,-95,28.6299991607666,27.0900001525879,92.6999969482422,-3.29999995231628,1.39999997615814
"263",1997,-5,-95,28.0499992370605,25.6599998474121,94.8000030517578,-1,0.800000011920929
"264",1997,-5,-95,28.3299999237061,27.2099990844727,88.0999984741211,-4.59999990463257,4
"265",1997,-5,-95,28.4699993133545,27.4799995422363,83.5999984741211,-4.19999980926514,5.69999980926514
"266",1997,-5,-95,28.3500003814697,26.8999996185303,89.4000015258789,-4.40000009536743,5.19999980926514
"267",1997,-5,-95,28.2399997711182,27.2800006866455,90.5999984741211,-3.5,6
"268",1997,-5,-95,28.1599998474121,27.2800006866455,91.9000015258789,-4.5,6.19999980926514
"269",1997,-5,-95,27.9500007629395,26.5499992370605,94.8000030517578,-1.70000004768372,5
"270",1997,-5,-95,28.1100006103516,26.7099990844727,90.5999984741211,-0.5,3.40000009536743
"271",1997,-5,-95,28.2600002288818,27.7900009155273,88.0999984741211,-2.59999990463257,5.30000019073486
"272",1997,-5,-95,28.3199996948242,27.5599994659424,92.6999969482422,-3.59999990463257,3
"273",1997,-5,-95,28.3999996185303,27.5900001525879,92.6999969482422,-3.5,1.39999997615814
"274",1997,-5,-95,28.6100006103516,27.7900009155273,89,-3.79999995231628,1.79999995231628
"275",1997,-5,-95,28.5799999237061,28.1700000762939,87.3000030517578,-4.30000019073486,5.69999980926514
"276",1997,-5,-95,28.9400005340576,28.1000003814697,90.1999969482422,-4.5,4.59999990463257
"277",1997,-2,-110,27.5499992370605,27.1900005340576,75.5,-6.80000019073486,4.59999990463257
"278",1997,-2,-110,27.5300006866455,26.8700008392334,75.0999984741211,-5.19999980926514,4.90000009536743
"279",1997,-2,-110,27.5100002288818,26.9899997711182,73.5999984741211,-5.69999980926514,4.19999980926514
"280",1997,-2,-110,27.5699996948242,26.9899997711182,73.5999984741211,-4.69999980926514,1.79999995231628
"281",1997,-2,-110,27.6399993896484,26.9500007629395,75.0999984741211,-3.59999990463257,3.70000004768372
"282",1997,-2,-110,27.6599998474121,26.9899997711182,74,-4.40000009536743,2.40000009536743
"283",1997,-2,-110,27.7800006866455,26.9899997711182,74.4000015258789,-1.79999995231628,3.29999995231628
"284",1997,-2,-110,27.75,27.1100006103516,75.9000015258789,-3.70000004768372,4.30000019073486
"285",1997,-2,-110,27.7099990844727,26.8700008392334,75.5,-4.30000019073486,4.40000009536743
"286",1997,-2,-110,27.8199996948242,27.1499996185303,74.6999969482422,-3.5,3.09999990463257
"287",1997,-2,-110,28,27.2299995422363,76.6999969482422,-4.5,3
"288",1997,-2,-110,28.0699996948242,27.2700004577637,79,-4.80000019073486,2.59999990463257
"289",1997,-2,-110,28.0699996948242,26.9099998474121,82.9000015258789,-3.79999995231628,3.5
"290",1997,-2,-110,27.9599990844727,25.8899993896484,86.4000015258789,-2.59999990463257,3.40000009536743
"291",1997,-2,-110,28.0100002288818,26.8299999237061,82.5,-4.19999980926514,1.5
"292",1997,-2,-110,28.2399997711182,27.1499996185303,82.9000015258789,-4.40000009536743,2.79999995231628
"293",1997,-2,-110,28.2600002288818,26.7600002288818,83.6999969482422,-5.90000009536743,4.40000009536743
"294",1997,-2,-110,28.1800003051758,27.2700004577637,77.8000030517578,-6.09999990463257,5.5
"295",1997,-2,-110,28.1200008392334,27.3099994659424,77.0999984741211,-7.40000009536743,4.59999990463257
"296",1997,-2,-110,28.0499992370605,27.3500003814697,77.0999984741211,-6.5,6.5
"297",1997,-2,-110,27.9899997711182,27.1100006103516,78.5999984741211,-5.19999980926514,7.30000019073486
"298",1997,-2,-110,27.9300003051758,26.9899997711182,74.4000015258789,-3.20000004768372,5.90000009536743
"299",1997,-2,-110,28,27.3099994659424,74.6999969482422,-2.29999995231628,2.90000009536743
"300",1997,-2,-110,28.0300006866455,27.7000007629395,78.1999969482422,-5.09999990463257,2.90000009536743
"301",1997,-2,-110,28.0499992370605,27.8600006103516,80.1999969482422,-5.80000019073486,1.5
"302",1997,-2,-110,28.0699996948242,27.5100002288818,79.4000015258789,-5.40000009536743,4.59999990463257
"303",1997,-2,-110,28.0799999237061,27.6299991607666,77.8000030517578,-4.5,4.40000009536743
"304",1997,-2,-110,28.0799999237061,27.5900001525879,77.0999984741211,-5.30000019073486,4.30000019073486
"305",1997,-2,-110,28.0699996948242,27.5499992370605,77.5,-6.90000009536743,4.40000009536743
"306",1997,-2,-110,28.0900001525879,27.7399997711182,71.5999984741211,-5.40000009536743,3.90000009536743
"307",1997,-2,-110,28.1299991607666,27.3500003814697,74.6999969482422,-3.59999990463257,4.69999980926514
"308",1997,-2,-110,28.1000003814697,27.4699993133545,81.3000030517578,-4.80000019073486,5.09999990463257
"309",1997,-2,-110,28.0699996948242,27.4300003051758,83.6999969482422,-5.90000009536743,4.40000009536743
"310",1997,-2,-110,28.1000003814697,27.8199996948242,82.9000015258789,-6.80000019073486,4.59999990463257
"311",1997,-2,-110,28.1000003814697,27.7399997711182,78.5999984741211,-6,5
"312",1997,-2,-110,28.0799999237061,27.0699996948242,83.6999969482422,-1.70000004768372,6.09999990463257
"313",1997,-2,-110,28.0499992370605,26.1200008392334,85.5999984741211,0.699999988079071,3
"314",1997,-2,-110,28.1200008392334,26.6800003051758,86.8000030517578,-4,5
"315",1997,-2,-110,28.1700000762939,27.7000007629395,81.6999969482422,-4.80000019073486,5.09999990463257
"316",1997,-2,-110,28.2800006866455,27.3099994659424,81.6999969482422,-5.19999980926514,3.70000004768372
"317",1997,-2,-110,28.2600002288818,27.0300006866455,82.9000015258789,-4.19999980926514,4.59999990463257
"318",1997,-2,-110,28.3600006103516,27.8199996948242,79.4000015258789,-3.20000004768372,5.90000009536743
"319",1997,-2,-110,28.3700008392334,27.8199996948242,76.3000030517578,-2.40000009536743,5.80000019073486
"320",1997,-2,-110,28.3400001525879,27.6700000762939,75.9000015258789,-4.69999980926514,4.5
"321",1997,-2,-110,28.3700008392334,27.7800006866455,78.5999984741211,-3.79999995231628,3.70000004768372
"322",1997,-2,-110,28.2999992370605,26.3600006103516,85.1999969482422,-1.5,3.90000009536743
"323",1997,-2,-110,28.2900009155273,27.5100002288818,82.0999984741211,-3.29999995231628,4.09999990463257
"324",1997,-2,-110,28.3500003814697,27.2700004577637,84.4000015258789,-3.59999990463257,4.90000009536743
"325",1997,-2,-110,28.3099994659424,27.8199996948242,80.1999969482422,-4.5,6.59999990463257
"326",1997,-2,-110,28.2999992370605,27.6299991607666,82.0999984741211,-4.90000009536743,5.30000019073486
"327",1997,-2,-110,28.2700004577637,27.5100002288818,84,-5.59999990463257,4.59999990463257
"328",1997,-2,-110,28.25,27.2700004577637,87.5,-5.59999990463257,3.59999990463257
"329",1997,-2,-110,28.2399997711182,27.1499996185303,87.5,-4.5,1.10000002384186
"330",1997,-2,-110,28.2999992370605,26.7900009155273,87.5,-5.90000009536743,2
"331",1997,-2,-110,28.3400001525879,27.5900001525879,83.6999969482422,-4.59999990463257,2.40000009536743
"332",1997,-2,-110,28.3799991607666,28.1399993896484,80.9000015258789,-6.59999990463257,2.70000004768372
"333",1997,-2,-110,28.4300003051758,27.9799995422363,81.3000030517578,-6,5
"334",1997,-2,-110,28.4099998474121,26.8299999237061,87.0999984741211,-4.90000009536743,3.29999995231628
"335",1997,-2,-110,28.5100002288818,27.2299995422363,84.4000015258789,-3,2.59999990463257
"336",1997,-2,-110,28.5599994659424,27.8999996185303,82.5,-6.5,4.09999990463257
"337",1997,-2,-110,28.4500007629395,27.7800006866455,81.6999969482422,-7.59999990463257,2.59999990463257
"338",1997,-2,-110,28.4300003051758,27.7399997711182,86.8000030517578,-7.5,0.800000011920929
"339",1997,-2,-110,28.4699993133545,27.9400005340576,86.8000030517578,-8.10000038146973,1.89999997615814
"340",1997,-2,-110,28.5200004577637,27.8999996185303,86.8000030517578,-7.59999990463257,-1.5
"341",1997,-2,-110,28.4500007629395,26.5200004577637,89.5,-2.59999990463257,0.600000023841858
"342",1997,-2,-110,28.4799995422363,27.0300006866455,84.4000015258789,-1.29999995231628,1.20000004768372
"343",1997,-2,-110,28.4400005340576,27.8199996948242,80.1999969482422,-1.10000002384186,2.79999995231628
"344",1997,-2,-110,28.6100006103516,27.7800006866455,83.6999969482422,-3.29999995231628,2.20000004768372
"345",1997,-2,-110,28.6700000762939,28.0599994659424,80.9000015258789,-4.80000019073486,4.69999980926514
"346",1997,-2,-110,28.7900009155273,27.5499992370605,85.1999969482422,-4.30000019073486,0.899999976158142
"347",1997,-2,-110,28.8099994659424,27.6700000762939,83.3000030517578,-3.20000004768372,1.60000002384186
"348",1997,-2,-110,28.5699996948242,26.7600002288818,83.6999969482422,-3.5,-0.100000001490116
"349",1997,-2,-110,28.8099994659424,27.7000007629395,84.4000015258789,-3.70000004768372,0.800000011920929
"350",1997,-2,-110,28.7700004577637,27.8199996948242,83.6999969482422,-4.69999980926514,2.20000004768372
"351",1997,-2,-110,28.8700008392334,26.3600006103516,89.9000015258789,-2,1.39999997615814
"352",1997,-2,-110,28.8899993896484,27.0699996948242,86.8000030517578,-3,4.80000019073486
"353",1997,-2,-110,28.9300003051758,27.7000007629395,82.5,-2.09999990463257,6.09999990463257
"354",1997,-2,-110,28.9500007629395,27.2700004577637,86.4000015258789,-1.79999995231628,1.60000002384186
"355",1997,-2,-110,29.1200008392334,27.4300003051758,85.5999984741211,0.400000005960464,-0.899999976158142
"356",1997,-2,-110,29.1000003814697,27.5100002288818,81.3000030517578,-2.59999990463257,-0.899999976158142
"357",1997,-2,-110,29.1299991607666,27.7800006866455,81.3000030517578,-3.5,2.29999995231628
"358",1997,-2,-110,29.2800006866455,28.5,79.8000030517578,-4.90000009536743,0.800000011920929
"359",1997,-2,-110,29.0100002288818,27.5900001525879,86.8000030517578,-6.80000019073486,3.70000004768372
"360",1997,-2,-110,28.7700004577637,26.7900009155273,89.0999984741211,-4.30000019073486,0.699999988079071
"361",1997,-2,-110,28.7099990844727,27.1100006103516,84.8000030517578,-3.09999990463257,0.899999976158142
"362",1997,-2,-110,29.0300006866455,27.7800006866455,83.6999969482422,-3.79999995231628,0.400000005960464
"363",1997,-2,-110,28.9899997711182,27.4300003051758,86.4000015258789,-1.29999995231628,3
"364",1997,-2,-110,28.9200000762939,27.4699993133545,86,-1.39999997615814,3.40000009536743
"365",1997,-2,-110,28.9099998474121,27.1900005340576,89.5,-4,3.79999995231628
"366",1997,-2,-110,28.8799991607666,27.0699996948242,89.5,-3.5,1
"367",1997,-2,-110,29.0799999237061,28.1800003051758,85.5999984741211,-3.20000004768372,0.5
"368",1997,-2,-110,29.3199996948242,27.8999996185303,87.0999984741211,-5,2.5
"369",1993,0,-110,23.5900001525879,23.1000003814697,81.1999969482422,-2.20000004768372,3.40000009536743
"370",1993,0,-110,23.5699996948242,23.1499996185303,81.6999969482422,-2.5,4.59999990463257
"371",1993,0,-110,23.6700000762939,23.1499996185303,82,-5.80000019073486,4
"372",1993,0,-110,23.4300003051758,23.2000007629395,80.8000030517578,-6.69999980926514,2.79999995231628
"373",1993,0,-110,23.4200000762939,23.1299991607666,83.5,-5.69999980926514,3.09999990463257
"374",1993,0,-110,23.4300003051758,22.9899997711182,81.5999984741211,-5.59999990463257,4.19999980926514
"375",1993,0,-110,23.4899997711182,22.8999996185303,80.6999969482422,-5.30000019073486,4.09999990463257
"376",1993,0,-110,23.4899997711182,22.8299999237061,81.5,-6.19999980926514,2.5
"377",1993,0,-110,23.2399997711182,22.6599998474121,85.9000015258789,-5.30000019073486,3.70000004768372
"378",1993,0,-110,22.75,22.3799991607666,88.5999984741211,-3.59999990463257,4.80000019073486
"379",1993,0,-110,22.3299999237061,22.2099990844727,88.6999969482422,-2.20000004768372,4.59999990463257
"380",1993,0,-110,22.2800006866455,22.0900001525879,87.5,-2.79999995231628,2.5
"381",1993,0,-110,22.2299995422363,22.2199993133545,87.5,-2.40000009536743,3.40000009536743
"382",1993,0,-110,22.2399997711182,22.1100006103516,88.3000030517578,-2.79999995231628,2.59999990463257
"383",1993,0,-110,22.4599990844727,22.3199996948242,84.1999969482422,-5.19999980926514,2.40000009536743
"384",1993,0,-110,22.4899997711182,22.1800003051758,85.5,-4.40000009536743,2.29999995231628
"385",1993,0,-110,22.5100002288818,22.4699993133545,85.3000030517578,-4.09999990463257,3.59999990463257
"386",1993,0,-110,22.5200004577637,22.2399997711182,85.5999984741211,-4.30000019073486,2.40000009536743
"387",1993,0,-110,22.4899997711182,22.2700004577637,86.1999969482422,-4.19999980926514,2.70000004768372
"388",1993,0,-110,22.3799991607666,22.0599994659424,87.1999969482422,-4.59999990463257,2.29999995231628
"389",1993,0,-110,22.3899993896484,22.0900001525879,87.5,-5,2.29999995231628
"390",1993,0,-110,22.8199996948242,22.3700008392334,86,-4.59999990463257,2.70000004768372
"391",1993,0,-110,23.4099998474121,22.7000007629395,81.0999984741211,-5.90000009536743,1.79999995231628
"392",1993,0,-110,23.9300003051758,22.7299995422363,79.9000015258789,-4.80000019073486,2.70000004768372
"393",1993,0,-110,24.6700000762939,22.9400005340576,80.3000030517578,-5.09999990463257,4.90000009536743
"394",1993,0,-110,23.9699993133545,22.9200000762939,81.5999984741211,-4.40000009536743,2.5
"395",1993,0,-110,23.1000003814697,23.0200004577637,84.4000015258789,-2.79999995231628,4
"396",1993,0,-110,23.4799995422363,22.7299995422363,86.6999969482422,-3.29999995231628,4
"397",1993,0,-110,24.2000007629395,22.9799995422363,82.9000015258789,-7.19999980926514,3.70000004768372
"398",1993,0,-110,23.8199996948242,22.7099990844727,82.8000030517578,-7,3.09999990463257
"399",1993,0,-110,23,22.8299999237061,79.9000015258789,-4.40000009536743,2.40000009536743
"400",1993,0,-110,22.9099998474121,22.8299999237061,83.4000015258789,-1.5,5.30000019073486
"401",1993,0,-110,22.7999992370605,22.5200004577637,88.6999969482422,-2.29999995231628,3.29999995231628
"402",1993,0,-110,22.8199996948242,22.4599990844727,89.0999984741211,-4.5,2.79999995231628
"403",1993,0,-110,22.75,22.5300006866455,88.3000030517578,-4,1.79999995231628
"404",1993,0,-110,22.7099990844727,22.5900001525879,91.9000015258789,-4.59999990463257,2.20000004768372
"405",1993,0,-110,22.8500003814697,22.6599998474121,90.3000030517578,-3.79999995231628,2.29999995231628
"406",1993,0,-110,22.8400001525879,22.7299995422363,89.3000030517578,-3.40000009536743,2.90000009536743
"407",1993,0,-110,22.8899993896484,22.9400005340576,90.1999969482422,-2.79999995231628,3.40000009536743
"408",1993,0,-110,22.7600002288818,22.6900005340576,89.4000015258789,-4.30000019073486,1.89999997615814
"409",1993,0,-110,23.0100002288818,22.9300003051758,88.8000030517578,-3.5,2.09999990463257
"410",1993,0,-110,23.2000007629395,22.9799995422363,87.5,-3.40000009536743,3.40000009536743
"411",1993,0,-110,23.3600006103516,23.2999992370605,85.4000015258789,-3.40000009536743,4.80000019073486
"412",1993,0,-110,23.3199996948242,23.1700000762939,85.9000015258789,-3.90000009536743,4.09999990463257
"413",1993,0,-110,23.3700008392334,23.2199993133545,84.5,-4.30000019073486,3
"414",1993,0,-110,23.3899993896484,23.0599994659424,82.6999969482422,-5.19999980926514,1.5
"415",1993,0,-110,23.3299999237061,22.9500007629395,81.4000015258789,-4.09999990463257,2.79999995231628
"416",1993,0,-110,23.2900009155273,22.9899997711182,86.0999984741211,-4.09999990463257,3
"417",1993,0,-110,23.2399997711182,22.9899997711182,86.6999969482422,-4.90000009536743,2.40000009536743
"418",1993,0,-110,23.1800003051758,22.8799991607666,87.5,-3.59999990463257,2.40000009536743
"419",1993,0,-110,22.9300003051758,22.8400001525879,86.4000015258789,-2.29999995231628,3.29999995231628
"420",1993,0,-110,23.5,23.1399993896484,86.8000030517578,-4.40000009536743,3.09999990463257
"421",1993,0,-110,23.7800006866455,23.4899997711182,88.4000015258789,-4.40000009536743,3.79999995231628
"422",1993,0,-110,24.1000003814697,23.6800003051758,85.6999969482422,-5.5,2.70000004768372
"423",1993,0,-110,23.9799995422363,23.4300003051758,85.5999984741211,-3.79999995231628,4.09999990463257
"424",1993,0,-110,23.6000003814697,23.0300006866455,86.4000015258789,-2,4.90000009536743
"425",1993,0,-110,23.3700008392334,23.1700000762939,87.9000015258789,-3.20000004768372,4.09999990463257
"426",1993,0,-110,23.4300003051758,23.1299991607666,88.5999984741211,-3,3.29999995231628
"427",1993,0,-110,23.3999996185303,23.1399993896484,89.3000030517578,-2.09999990463257,1.89999997615814
"428",1993,0,-110,23.4400005340576,22.9699993133545,90.4000015258789,-1.70000004768372,2.20000004768372
"429",1993,0,-110,23.3999996185303,23.2299995422363,90.0999984741211,-3.40000009536743,3.5
"430",1993,0,-110,23.3700008392334,23.2099990844727,89.9000015258789,-4.30000019073486,2.59999990463257
"431",1993,0,-110,23.4500007629395,23.1599998474121,90,-4.09999990463257,1.10000002384186
"432",1993,0,-110,23.7099990844727,23.1399993896484,87.6999969482422,-3,1.60000002384186
"433",1993,0,-110,24.2900009155273,23.3899993896484,85.8000030517578,-3,2.90000009536743
"434",1993,0,-110,24.0799999237061,23.5300006866455,87.8000030517578,-3.40000009536743,2
"435",1993,0,-110,24.25,23.7099990844727,87.1999969482422,-3.20000004768372,3.09999990463257
"436",1993,0,-110,24.1900005340576,23.8199996948242,87.0999984741211,-4.19999980926514,3.5
"437",1993,0,-110,24.1900005340576,23.8500003814697,86.1999969482422,-4.19999980926514,1.29999995231628
"438",1993,0,-110,24.1399993896484,23.7999992370605,85.9000015258789,-3.20000004768372,2.59999990463257
"439",1993,0,-110,23.8999996185303,23.6499996185303,87.1999969482422,-3.5,2.79999995231628
"440",1993,0,-110,23.8799991607666,23.5799999237061,88.5,-4.30000019073486,2.20000004768372
"441",1993,0,-110,23.9599990844727,23.4699993133545,88.5999984741211,-3.90000009536743,0.699999988079071
"442",1993,0,-110,24.0100002288818,23.7700004577637,89.0999984741211,-3.5,3.09999990463257
"443",1993,0,-110,23.8899993896484,23.5900001525879,89.5,-4.30000019073486,2.09999990463257
"444",1993,0,-110,24,23.6499996185303,87.8000030517578,-4.09999990463257,0.600000023841858
"445",1993,0,-110,24,23.5699996948242,85.0999984741211,-3.79999995231628,3
"446",1993,0,-110,23.9699993133545,23.5200004577637,86.5999984741211,-2.90000009536743,2.90000009536743
"447",1993,0,-110,24.0300006866455,23.7700004577637,87.3000030517578,-3,2
"448",1993,0,-110,23.9300003051758,23.4699993133545,87.5,-3.70000004768372,1
"449",1993,0,-110,23.9300003051758,23.4500007629395,86.4000015258789,-4.19999980926514,1.29999995231628
"450",1993,0,-110,23.9400005340576,23.5699996948242,89.0999984741211,-3.09999990463257,2.09999990463257
"451",1993,0,-110,23.9799995422363,23.75,89.3000030517578,-4.40000009536743,2.09999990463257
"452",1993,0,-110,24.1599998474121,23.6700000762939,90.4000015258789,-3.5,1.20000004768372
"453",1993,0,-110,23.75,23.5799999237061,91.0999984741211,-5.5,2.09999990463257
"454",1993,0,-110,23.4200000762939,23.5,91.8000030517578,-4.19999980926514,1.79999995231628
"455",1993,0,-110,23.4799995422363,23.5300006866455,91.9000015258789,-3.59999990463257,1.39999997615814
"456",1993,0,-110,23.6900005340576,23.5400009155273,92.1999969482422,-2.5,0.899999976158142
"457",1993,0,-110,23.6700000762939,23.4300003051758,89.9000015258789,-2.70000004768372,1.10000002384186
"458",1993,0,-110,24.3199996948242,23.8899993896484,88.5999984741211,-2.09999990463257,0.400000005960464
"459",1993,0,-110,24.0900001525879,23.7900009155273,91.5999984741211,-2.29999995231628,1.5
"460",1993,0,-110,24.1499996185303,NA,NA,-3,1.89999997615814
"461",1993,0,-95,24.9899997711182,23.1900005340576,NA,-5.30000019073486,1.79999995231628
"462",1993,0,-95,25.0499992370605,23.5,NA,-4.69999980926514,3.09999990463257
"463",1993,0,-95,NA,NA,NA,-5.59999990463257,3.09999990463257
"464",1993,0,-95,24.9300003051758,22.8700008392334,NA,-7.09999990463257,2.5
"465",1993,0,-95,24.7800006866455,22.3999996185303,NA,-7.30000019073486,0.300000011920929
"466",1993,0,-95,24.4799995422363,22.7199993133545,NA,-6.5,0
"467",1993,0,-95,23.9599990844727,22.5599994659424,NA,-5.30000019073486,3.59999990463257
"468",1993,0,-95,23.3199996948242,22.6399993896484,NA,-4,5.5
"469",1993,0,-95,22.4599990844727,22.25,NA,-2.20000004768372,6.30000019073486
"470",1993,0,-95,21.9400005340576,21.9699993133545,NA,-0.800000011920929,4.80000019073486
"471",1993,0,-95,21.9699993133545,21.8099994659424,NA,-2.20000004768372,4.30000019073486
"472",1993,0,-95,21.6000003814697,21.4200000762939,NA,-2.79999995231628,4.09999990463257
"473",1993,0,-95,21.8600006103516,21.8899993896484,NA,-3,3.90000009536743
"474",1993,0,-95,21.8600006103516,21.8500003814697,NA,-3.20000004768372,3.59999990463257
"475",1993,0,-95,21.8700008392334,21.8899993896484,NA,-3,3.09999990463257
"476",1993,0,-95,21.9599990844727,21.8500003814697,NA,-4,2.79999995231628
"477",1993,0,-95,22.6399993896484,22.0900001525879,NA,-6.30000019073486,0.800000011920929
"478",1993,0,-95,22.8999996185303,22.4400005340576,NA,-5.40000009536743,0.100000001490116
"479",1993,0,-95,23.0799999237061,22.5200004577637,NA,-6.40000009536743,-0.400000005960464
"480",1993,0,-95,23.2399997711182,22.2900009155273,NA,-6.59999990463257,1.39999997615814
"481",1993,0,-95,NA,NA,NA,-6.30000019073486,0.5
"482",1993,0,-95,23.5200004577637,22.1299991607666,NA,-5.30000019073486,0.699999988079071
"483",1993,0,-95,23.3700008392334,22.2900009155273,NA,-4.80000019073486,1.89999997615814
"484",1993,0,-95,22.9500007629395,22.1700000762939,NA,-5.40000009536743,3.20000004768372
"485",1993,0,-95,22.5200004577637,21.8899993896484,NA,-5,2.29999995231628
"486",1993,0,-95,22.3199996948242,21.7299995422363,NA,-4.40000009536743,2
"487",1993,0,-95,22.2800006866455,21.6599998474121,NA,-3.70000004768372,1.89999997615814
"488",1993,0,-95,21.7999992370605,21.7299995422363,NA,-1.79999995231628,2.70000004768372
"489",1993,0,-95,21.8500003814697,21.8899993896484,NA,-0.5,3.59999990463257
"490",1993,0,-95,21.7800006866455,22.0100002288818,NA,-0.300000011920929,3.09999990463257
"491",1993,0,-95,21.8999996185303,22.2099990844727,NA,-1.5,4.09999990463257
"492",1993,0,-95,22.9699993133545,22.5599994659424,NA,-6.19999980926514,1.89999997615814
"493",1993,0,-95,23.1800003051758,22.7199993133545,NA,-6.69999980926514,3.20000004768372
"494",1993,0,-95,22.7199993133545,22.4400005340576,NA,-5,3.59999990463257
"495",1993,0,-95,22.5100002288818,22.25,NA,-5.09999990463257,3
"496",1993,0,-95,22.3999996185303,22.25,NA,-3.20000004768372,5.59999990463257
"497",1993,0,-95,22.1900005340576,22.3199996948242,NA,-1.5,4.90000009536743
"498",1993,0,-95,22.0300006866455,22.25,NA,-3.20000004768372,4.90000009536743
"499",1993,0,-95,21.8999996185303,22.0900001525879,NA,-1.5,3.29999995231628
"500",1993,0,-95,21.9899997711182,22.1700000762939,NA,-1.5,-2.59999990463257
"501",1993,0,-95,22.2600002288818,22.2900009155273,NA,-2,-3.29999995231628
"502",1993,0,-95,22.3500003814697,22.5599994659424,NA,-3.59999990463257,-3.20000004768372
"503",1993,0,-95,22.4799995422363,22.5200004577637,NA,-4,-0.100000001490116
"504",1993,0,-95,22.5499992370605,22.6000003814697,NA,-2.70000004768372,-2.40000009536743
"505",1993,0,-95,22.4400005340576,22.6399993896484,NA,-3.29999995231628,-1.70000004768372
"506",1993,0,-95,22.3600006103516,22.4400005340576,NA,1.60000002384186,3.79999995231628
"507",1993,0,-95,22.5499992370605,22.6000003814697,NA,2.29999995231628,3.5
"508",1993,0,-95,22.7299995422363,22.8400001525879,NA,3,2.20000004768372
"509",1993,0,-95,22.8500003814697,22.8400001525879,NA,3.29999995231628,0.200000002980232
"510",1993,0,-95,23.1100006103516,23.0300006866455,NA,2.90000009536743,-0.100000001490116
"511",1993,0,-95,23.3299999237061,23.2700004577637,NA,0.600000023841858,-4.30000019073486
"512",1993,0,-95,23.3600006103516,23.4200000762939,NA,-2.5,0.699999988079071
"513",1993,0,-95,23.4300003051758,23.3899993896484,NA,-4.19999980926514,3.20000004768372
"514",1993,0,-95,23.2800006866455,23.3500003814697,NA,-2,4.09999990463257
"515",1993,0,-95,22.9899997711182,23.2299995422363,NA,-0.800000011920929,4
"516",1993,0,-95,23.1599998474121,23.2700004577637,NA,-0.800000011920929,3.29999995231628
"517",1993,0,-95,23.8099994659424,23.5400009155273,NA,-2.29999995231628,2.90000009536743
"518",1993,0,-95,23.7999992370605,23.5400009155273,NA,-2.5,3.29999995231628
"519",1993,0,-95,23.7299995422363,23.7000007629395,NA,-2,2.5
"520",1993,0,-95,23.6700000762939,23.5799999237061,NA,-4.09999990463257,1.79999995231628
"521",1993,0,-95,23.7700004577637,23.5799999237061,NA,-4.90000009536743,1.70000004768372
"522",1993,0,-95,23.6000003814697,23.4599990844727,NA,-4.90000009536743,-0.200000002980232
"523",1993,0,-95,24.2000007629395,23.7000007629395,NA,-5,-0.300000011920929
"524",1993,0,-95,24.0699996948242,23.8600006103516,NA,-4.40000009536743,1.20000004768372
"525",1993,0,-95,24.0200004577637,23.8199996948242,NA,-4.90000009536743,1
"526",1993,0,-95,24.6499996185303,24.2099990844727,NA,-5.90000009536743,0.800000011920929
"527",1993,0,-95,24.4200000762939,24.0100002288818,NA,-5.80000019073486,1.70000004768372
"528",1993,0,-95,23.9200000762939,23.8999996185303,NA,-3.70000004768372,1.79999995231628
"529",1993,0,-95,23.5599994659424,23.6599998474121,NA,-2.90000009536743,3.20000004768372
"530",1993,0,-95,23.6599998474121,23.7399997711182,NA,-1.89999997615814,3.5
"531",1993,0,-95,23.6299991607666,23.6599998474121,NA,-2.40000009536743,3.09999990463257
"532",1993,0,-95,23.5200004577637,23.5400009155273,NA,-2.90000009536743,3.09999990463257
"533",1993,0,-95,23.6000003814697,23.5400009155273,NA,-2.59999990463257,2.59999990463257
"534",1993,0,-95,23.3999996185303,23.5400009155273,NA,-3,3.29999995231628
"535",1993,0,-95,23.4599990844727,23.3099994659424,NA,-3.09999990463257,1.5
"536",1993,0,-95,23.5499992370605,23.3899993896484,NA,-2.20000004768372,-0.800000011920929
"537",1993,0,-95,24.0100002288818,23.7399997711182,NA,-3.29999995231628,-1.20000004768372
"538",1993,0,-95,23.9400005340576,23.8999996185303,NA,-3.5,-1.10000002384186
"539",1993,0,-95,24.2800006866455,24.0100002288818,NA,-1.79999995231628,-1.29999995231628
"540",1993,0,-95,24.5599994659424,24.1700000762939,NA,-1.70000004768372,-1.39999997615814
"541",1993,0,-95,24.7399997711182,24.0499992370605,NA,-1.79999995231628,-1.60000002384186
"542",1993,0,-95,25.0699996948242,24.6399993896484,NA,-2.70000004768372,-2.40000009536743
"543",1993,0,-95,25.6599998474121,24.9599990844727,NA,-6,-1.79999995231628
"544",1993,0,-95,26,24.9200000762939,NA,-6.90000009536743,-0.699999988079071
"545",1993,0,-95,25.7900009155273,24.6000003814697,NA,-6.59999990463257,-1.39999997615814
"546",1993,0,-95,26.3799991607666,24.8400001525879,NA,-6.19999980926514,-1.60000002384186
"547",1993,0,-95,25.9400005340576,24.8799991607666,NA,-5.69999980926514,0.800000011920929
"548",1993,0,-95,25.0200004577637,24.3700008392334,NA,-2.40000009536743,1.10000002384186
"549",1993,0,-95,24.6100006103516,24.5200004577637,NA,-1.70000004768372,1.29999995231628
"550",1993,0,-95,24.7900009155273,24.7600002288818,NA,-2,2
"551",1993,0,-95,24.7800006866455,24.7600002288818,NA,-1.79999995231628,2.29999995231628
"552",1993,0,-95,24.7900009155273,24.4899997711182,NA,-1.39999997615814,3.40000009536743
"553",1993,-2,-95,22.6599998474121,22.4300003051758,85,-2.59999990463257,3.5
"554",1993,-2,-95,22.6100006103516,22.4699993133545,88.5999984741211,-2.90000009536743,4.19999980926514
"555",1993,-2,-95,22.5400009155273,22.1900005340576,90.4000015258789,-3.59999990463257,4.30000019073486
"556",1993,-2,-95,22.6499996185303,22.3500003814697,88.5999984741211,-5.5,4.30000019073486
"557",1993,-2,-95,22.5400009155273,22.3899993896484,85.1999969482422,-4.5,4.59999990463257
"558",1993,-2,-95,22.4799995422363,22.5100002288818,84.8000030517578,-3.20000004768372,4.80000019073486
"559",1993,-2,-95,22.4599990844727,22.5499992370605,86.3000030517578,-3.20000004768372,4.5
"560",1993,-2,-95,22.4300003051758,22.6299991607666,85.3000030517578,-3.79999995231628,4.90000009536743
"561",1993,-2,-95,22.4400005340576,22.5900001525879,88,-3.70000004768372,5
"562",1993,-2,-95,22.5300006866455,22.5100002288818,88,-3.90000009536743,4.80000019073486
"563",1993,-2,-95,22.6399993896484,22.3099994659424,87.6999969482422,-3.09999990463257,4.69999980926514
"564",1993,-2,-95,22.6100006103516,22.5100002288818,85.1999969482422,-2.70000004768372,5.09999990463257
"565",1993,-2,-95,22.5900001525879,22.5100002288818,81.4000015258789,-2.79999995231628,5.09999990463257
"566",1993,-2,-95,22.75,22.75,79.8000030517578,-3.79999995231628,5.19999980926514
"567",1993,-2,-95,22.6299991607666,22.8299999237061,81.5999984741211,-3.20000004768372,4.5
"568",1993,-2,-95,22.5,22.7099990844727,84.3000030517578,-4.90000009536743,3.40000009536743
"569",1993,-2,-95,22.3899993896484,22.7900009155273,87.1999969482422,-4.5,3.20000004768372
"570",1993,-2,-95,22.3400001525879,22.5100002288818,88.6999969482422,-3.20000004768372,3.09999990463257
"571",1993,-2,-95,22.3099994659424,22.75,86.9000015258789,-3.09999990463257,4.09999990463257
"572",1993,-2,-95,21.9899997711182,22.4300003051758,85.1999969482422,-3.5,5.19999980926514
"573",1993,-2,-95,21.8400001525879,22.4300003051758,82.5,-2.79999995231628,3.59999990463257
"574",1993,-2,-95,22.0400009155273,22.2299995422363,84.0999984741211,-2.70000004768372,3.29999995231628
"575",1993,-2,-95,22.2000007629395,22.1900005340576,85.8000030517578,-2,2
"576",1993,-2,-95,22.3299999237061,22.3099994659424,86.4000015258789,-2.70000004768372,3.5
"577",1993,-2,-95,22.3099994659424,22.3500003814697,86.5,-2.79999995231628,4
"578",1993,-2,-95,22.3700008392334,22.5100002288818,87.5,-3.90000009536743,2.79999995231628
"579",1993,-2,-95,22.4300003051758,22.7099990844727,85.6999969482422,-2.59999990463257,3.59999990463257
"580",1993,-2,-95,22.6200008392334,22.8600006103516,86.5999984741211,-2.09999990463257,4
"581",1993,-2,-95,22.7000007629395,22.5100002288818,88.5,-0.899999976158142,3.09999990463257
"582",1993,-2,-95,22.8299999237061,22.8600006103516,88.9000015258789,-2.79999995231628,4.09999990463257
"583",1993,-2,-95,22.7700004577637,23.1000003814697,90.0999984741211,-5.09999990463257,3.20000004768372
"584",1993,-2,-95,22.7600002288818,23.1399993896484,90.4000015258789,-4.5,4.80000019073486
"585",1993,-2,-95,22.6900005340576,22.8999996185303,88.5999984741211,-3.90000009536743,4.69999980926514
"586",1993,-2,-95,22.7099990844727,22.8999996185303,83.5999984741211,-3.90000009536743,3.09999990463257
"587",1993,-2,-95,22.8099994659424,22.5100002288818,86.5999984741211,-4.19999980926514,1.60000002384186
"588",1993,-2,-95,22.8299999237061,22.8600006103516,87.9000015258789,-4.80000019073486,4.30000019073486
"589",1993,-2,-95,22.7600002288818,23.0200004577637,89.5999984741211,-4.59999990463257,4.30000019073486
"590",1993,-2,-95,22.6800003051758,22.8299999237061,90.5999984741211,-3.90000009536743,3.5
"591",1993,-2,-95,22.6900005340576,22.9400005340576,90.8000030517578,-3,4
"592",1993,-2,-95,22.8099994659424,22.9400005340576,90.0999984741211,-2.40000009536743,3.59999990463257
"593",1993,-2,-95,22.8899993896484,22.8299999237061,88.0999984741211,-1.79999995231628,3.40000009536743
"594",1993,-2,-95,22.7999992370605,22.9400005340576,88.8000030517578,-1.70000004768372,4
"595",1993,-2,-95,22.9899997711182,23.0200004577637,88.3000030517578,-1,4.90000009536743
"596",1993,-2,-95,23.1399993896484,23.2600002288818,84.5999984741211,-0.300000011920929,4.90000009536743
"597",1993,-2,-95,23.1499996185303,23.0599994659424,80,-1.5,5.59999990463257
"598",1993,-2,-95,23.2000007629395,23.0200004577637,79.9000015258789,-1.39999997615814,4.19999980926514
"599",1993,-2,-95,23.2600002288818,23.2600002288818,86,-1.60000002384186,4.30000019073486
"600",1993,-2,-95,23.3199996948242,23.5,91.0999984741211,-2.29999995231628,3
"601",1993,-2,-95,23.1900005340576,23.4200000762939,88.3000030517578,-3.79999995231628,3.40000009536743
"602",1993,-2,-95,23.2399997711182,23.5699996948242,91.0999984741211,-2.70000004768372,2.79999995231628
"603",1993,-2,-95,23.3899993896484,23.6100006103516,91,-2.29999995231628,3.20000004768372
"604",1993,-2,-95,23.4099998474121,23.6900005340576,89.6999969482422,-2.70000004768372,4.80000019073486
"605",1993,-2,-95,23.4899997711182,23.8500003814697,86.6999969482422,-2.59999990463257,4.30000019073486
"606",1993,-2,-95,23.5799999237061,23.6900005340576,86.6999969482422,-1.5,5.30000019073486
"607",1993,-2,-95,23.6900005340576,23.8099994659424,85.5,-0.899999976158142,5.09999990463257
"608",1993,-2,-95,23.7800006866455,23.8500003814697,85.8000030517578,-1.89999997615814,3.90000009536743
"609",1993,-2,-95,23.8199996948242,23.9300003051758,88.3000030517578,-2.70000004768372,3.29999995231628
"610",1993,-2,-95,23.8400001525879,23.9300003051758,90.5999984741211,-2.79999995231628,2.59999990463257
"611",1993,-2,-95,24.1000003814697,24.1700000762939,90.3000030517578,-2.20000004768372,2.70000004768372
"612",1993,-2,-95,24.1200008392334,24.2000007629395,89.0999984741211,-3,3.70000004768372
"613",1993,-2,-95,24.1200008392334,24.2800006866455,88.9000015258789,-3.5,3.20000004768372
"614",1993,-2,-95,24.1599998474121,24.2800006866455,88.4000015258789,-4.30000019073486,2.59999990463257
"615",1993,-2,-95,24.0799999237061,24.0900001525879,88.5,-2.5,2.40000009536743
"616",1993,-2,-95,24.0300006866455,24.2800006866455,89,-1,2.40000009536743
"617",1993,-2,-95,23.9099998474121,24.1299991607666,90.6999969482422,-1.79999995231628,3.5
"618",1993,-2,-95,23.9599990844727,24.2000007629395,90.9000015258789,-3.20000004768372,3
"619",1993,-2,-95,23.9500007629395,24.2000007629395,91,-3.29999995231628,3.70000004768372
"620",1993,-2,-95,24.0100002288818,24.2399997711182,89.5,-2.5,3.59999990463257
"621",1993,-2,-95,24.0499992370605,24.3999996185303,90,-3.20000004768372,3.40000009536743
"622",1993,-2,-95,24.0699996948242,24.3999996185303,89.8000030517578,-3.79999995231628,4
"623",1993,-2,-95,24.0799999237061,24.4400005340576,88.6999969482422,-4.19999980926514,3.09999990463257
"624",1993,-2,-95,24,24.3999996185303,89,-3.70000004768372,3.5
"625",1993,-2,-95,23.9799995422363,24.3199996948242,88.5,-2.59999990463257,3.5
"626",1993,-2,-95,24.0200004577637,24.3999996185303,88.0999984741211,-1.5,5.40000009536743
"627",1993,-2,-95,24.1499996185303,24.3199996948242,83.0999984741211,-1.89999997615814,4.09999990463257
"628",1993,-2,-95,24.4300003051758,24.0900001525879,81.8000030517578,-1.29999995231628,1.60000002384186
"629",1993,-2,-95,24.6200008392334,24.7999992370605,84.3000030517578,-1.10000002384186,4.09999990463257
"630",1993,-2,-95,24.4300003051758,24.6399993896484,88.5,-0.899999976158142,3.29999995231628
"631",1993,-2,-95,24.7600002288818,24.5599994659424,88.4000015258789,-0.200000002980232,2.79999995231628
"632",1993,-2,-95,24.9300003051758,24.3999996185303,89.1999969482422,0.600000023841858,2.40000009536743
"633",1993,-2,-95,24.9400005340576,24.5200004577637,89.8000030517578,-1.5,3.40000009536743
"634",1993,-2,-95,24.8500003814697,24.4400005340576,91.8000030517578,-4,1.29999995231628
"635",1993,-2,-95,24.7000007629395,24.9099998474121,90.9000015258789,-4.30000019073486,1.60000002384186
"636",1993,-2,-95,24.5400009155273,24.7999992370605,89.8000030517578,-4.40000009536743,1.60000002384186
"637",1993,-2,-95,NA,NA,89.9000015258789,-3.40000009536743,2.40000009536743
"638",1993,-2,-95,24.5900001525879,24.9500007629395,91,-3.59999990463257,2.40000009536743
"639",1993,-2,-95,24.7099990844727,25.0300006866455,89.8000030517578,-3.5,3.20000004768372
"640",1993,-2,-95,25.1100006103516,25.0300006866455,91.3000030517578,-1.29999995231628,0.899999976158142
"641",1993,-2,-95,25.1399993896484,25.0300006866455,89.6999969482422,-1.89999997615814,3.09999990463257
"642",1993,-2,-95,25.2099990844727,24.8700008392334,90.5,-1.20000004768372,3.5
"643",1993,-2,-95,25.4300003051758,24.9899997711182,89.0999984741211,-0.5,3.79999995231628
"644",1993,-2,-95,25.5699996948242,24.6800003051758,87.1999969482422,1.29999995231628,2.29999995231628
"645",1993,-2,-110,24.5400009155273,23.7800006866455,81.0999984741211,-4.80000019073486,2.5
"646",1993,-2,-110,24.2600002288818,23.6599998474121,82.1999969482422,-5,3
"647",1993,-2,-110,23.8299999237061,23.6200008392334,84,-7,1.60000002384186
"648",1993,-2,-110,23.6200008392334,23.5400009155273,84.8000030517578,-7.80000019073486,1.20000004768372
"649",1993,-2,-110,23.4400005340576,23.2600002288818,88.4000015258789,-7.30000019073486,1.20000004768372
"650",1993,-2,-110,23.3299999237061,23.5400009155273,85.0999984741211,-6.19999980926514,2.09999990463257
"651",1993,-2,-110,23.1900005340576,23.3799991607666,85,-6.09999990463257,2.5
"652",1993,-2,-110,23.0699996948242,22.9799995422363,87.5999984741211,-5.30000019073486,0.800000011920929
"653",1993,-2,-110,23.0900001525879,23.2199993133545,89.0999984741211,-5,2.09999990463257
"654",1993,-2,-110,23.1900005340576,23.2600002288818,88.1999969482422,-4.80000019073486,3.5
"655",1993,-2,-110,23.3400001525879,23.2999992370605,85.8000030517578,-4.90000009536743,2.79999995231628
"656",1993,-2,-110,23.3600006103516,23.4200000762939,85,-5.40000009536743,2.20000004768372
"657",1993,-2,-110,23.4099998474121,23.4599990844727,83.1999969482422,-5.59999990463257,2.59999990463257
"658",1993,-2,-110,23.4599990844727,23.3799991607666,83.3000030517578,-6.09999990463257,1.29999995231628
"659",1993,-2,-110,23.4899997711182,23.3400001525879,81.5999984741211,-7.19999980926514,0.899999976158142
"660",1993,-2,-110,23.5,23.2999992370605,82.5,-6.80000019073486,1.89999997615814
"661",1993,-2,-110,23.5400009155273,23.4200000762939,83.9000015258789,-6.80000019073486,2.5
"662",1993,-2,-110,23.6100006103516,23.3799991607666,83.3000030517578,-6.09999990463257,1.60000002384186
"663",1993,-2,-110,23.5599994659424,23.3400001525879,83.3000030517578,-6.09999990463257,1.5
"664",1993,-2,-110,23.4899997711182,23.3799991607666,85.4000015258789,-6.30000019073486,2.20000004768372
"665",1993,-2,-110,23.4500007629395,23.4200000762939,86.0999984741211,-7.09999990463257,2.29999995231628
"666",1993,-2,-110,23.4099998474121,23.3799991607666,85.3000030517578,-6.69999980926514,1.39999997615814
"667",1993,-2,-110,23.2600002288818,23.2999992370605,84.9000015258789,-6.5,1.29999995231628
"668",1993,-2,-110,23.1100006103516,23.1800003051758,85.6999969482422,-5.19999980926514,1.70000004768372
"669",1993,-2,-110,22.9300003051758,22.9799995422363,86.6999969482422,-5.59999990463257,2.29999995231628
"670",1993,-2,-110,22.8099994659424,22.8600006103516,87.4000015258789,-4.19999980926514,1.10000002384186
"671",1993,-2,-110,22.8500003814697,22.9400005340576,89,-3.09999990463257,2.40000009536743
"672",1993,-2,-110,22.8799991607666,23.0200004577637,88.1999969482422,-4.69999980926514,2.70000004768372
"673",1993,-2,-110,22.9300003051758,23.1000003814697,87.5,-6.5,1.60000002384186
"674",1993,-2,-110,22.9500007629395,23.0599994659424,85.1999969482422,-6.69999980926514,1.39999997615814
"675",1993,-2,-110,23.0599994659424,23.1000003814697,85.1999969482422,-4.69999980926514,0.699999988079071
"676",1993,-2,-110,23.25,23.2999992370605,83.1999969482422,-3.40000009536743,3
"677",1993,-2,-110,23.1599998474121,23.3799991607666,85.8000030517578,-4,4.40000009536743
"678",1993,-2,-110,23.1000003814697,23.3400001525879,87.8000030517578,-5.59999990463257,2.5
"679",1993,-2,-110,23.2700004577637,23.3799991607666,86.4000015258789,-5,1.5
"680",1993,-2,-110,23.3799991607666,23.5,85.3000030517578,-6,1.29999995231628
"681",1993,-2,-110,23.5699996948242,23.8199996948242,86.3000030517578,-5.69999980926514,2
"682",1993,-2,-110,23.6599998474121,23.6200008392334,88.0999984741211,-5.30000019073486,3
"683",1993,-2,-110,23.7700004577637,23.8999996185303,89.9000015258789,-5.19999980926514,2.90000009536743
"684",1993,-2,-110,23.8700008392334,23.6599998474121,87.5,-5.90000009536743,2.40000009536743
"685",1993,-2,-110,23.9200000762939,23.8999996185303,85.8000030517578,-5.5,2
"686",1993,-2,-110,23.9599990844727,23.9400005340576,83.9000015258789,-5.09999990463257,4.30000019073486
"687",1993,-2,-110,24.0400009155273,23.8199996948242,82.0999984741211,-5.59999990463257,3.20000004768372
"688",1993,-2,-110,23.9799995422363,23.7399997711182,84,-5.90000009536743,2.79999995231628
"689",1993,-2,-110,24.0100002288818,23.7800006866455,81.3000030517578,-6.80000019073486,2
"690",1993,-2,-110,24.0300006866455,23.7399997711182,80.5,-6.90000009536743,0.200000002980232
"691",1993,-2,-110,23.9500007629395,23.6599998474121,82.5,-6.40000009536743,1.39999997615814
"692",1993,-2,-110,23.8999996185303,23.6200008392334,85,-6.5,1.89999997615814
"693",1993,-2,-110,23.8600006103516,23.7800006866455,88.0999984741211,-6.09999990463257,3
"694",1993,-2,-110,23.8899993896484,23.8600006103516,84.8000030517578,-5.19999980926514,2.5
"695",1993,-2,-110,23.9599990844727,23.7000007629395,85.4000015258789,-4.19999980926514,1.79999995231628
"696",1993,-2,-110,23.9699993133545,23.7800006866455,88.3000030517578,-5.40000009536743,1.39999997615814
"697",1993,-2,-110,23.9699993133545,23.6599998474121,91.9000015258789,-5.19999980926514,1.5
"698",1993,-2,-110,23.9899997711182,23.7399997711182,91.3000030517578,-4.5,0.800000011920929
"699",1993,-2,-110,23.8899993896484,23.8999996185303,87,-4.40000009536743,3
"700",1993,-2,-110,23.8899993896484,23.8600006103516,86.4000015258789,-3.90000009536743,2.90000009536743
"701",1993,-2,-110,23.9500007629395,23.8999996185303,85.8000030517578,-5.80000019073486,2.5
"702",1993,-2,-110,23.9799995422363,23.9400005340576,87.6999969482422,-5.09999990463257,1.5
"703",1993,-2,-110,24,23.9400005340576,87.0999984741211,-4.40000009536743,1.39999997615814
"704",1993,-2,-110,24.0599994659424,23.9799995422363,88.1999969482422,-3.40000009536743,2.29999995231628
"705",1993,-2,-110,24,23.9799995422363,90.4000015258789,-4.69999980926514,2.40000009536743
"706",1993,-2,-110,24.0200004577637,24.1000003814697,90,-6,1.10000002384186
"707",1993,-2,-110,24.0799999237061,24.2600002288818,89.5999984741211,-5.40000009536743,2.40000009536743
"708",1993,-2,-110,24.2099990844727,24.1800003051758,84.6999969482422,-4.40000009536743,2.29999995231628
"709",1993,-2,-110,24.2999992370605,24.3400001525879,81.6999969482422,-4.59999990463257,2.29999995231628
"710",1993,-2,-110,24.2199993133545,24.5400009155273,82.3000030517578,-5,2.40000009536743
"711",1993,-2,-110,24.2299995422363,24.4200000762939,86.5999984741211,-5.09999990463257,3.09999990463257
"712",1993,-2,-110,24.2199993133545,24.3799991607666,84.9000015258789,-5.80000019073486,3.09999990463257
"713",1993,-2,-110,24.4300003051758,24.3400001525879,87.5999984741211,-5,0.400000005960464
"714",1993,-2,-110,24.6000003814697,24.4599990844727,86.0999984741211,-5,1.10000002384186
"715",1993,-2,-110,24.6599998474121,24.1800003051758,88.5,-4.90000009536743,2.20000004768372
"716",1993,-2,-110,24.7600002288818,24.5,87.9000015258789,-5.5,1.70000004768372
"717",1993,-2,-110,24.8999996185303,24.6200008392334,87.9000015258789,-5,0.5
"718",1993,-2,-110,24.8899993896484,24.5799999237061,88.3000030517578,-5.5,2.79999995231628
"719",1993,-2,-110,24.8700008392334,24.7299995422363,87.0999984741211,-6.5,2.59999990463257
"720",1993,-2,-110,24.9699993133545,24.9699993133545,81.6999969482422,-5.59999990463257,1.10000002384186
"721",1993,-2,-110,25.0300006866455,24.6200008392334,80.8000030517578,-5.69999980926514,1
"722",1993,-2,-110,24.9400005340576,24.5799999237061,83.0999984741211,-4.30000019073486,2.5
"723",1993,-2,-110,24.7299995422363,24.3799991607666,85.5,-3.29999995231628,1.79999995231628
"724",1993,-2,-110,24.5499992370605,24.4200000762939,85.5,-5,2.5
"725",1993,-2,-110,24.5499992370605,24.3400001525879,84.9000015258789,-4.80000019073486,0.699999988079071
"726",1993,-2,-110,24.6200008392334,24.4200000762939,89,-4.5,1.20000004768372
"727",1993,-2,-110,24.6900005340576,24.7000007629395,88.0999984741211,-6,2.70000004768372
"728",1993,-2,-110,24.7700004577637,24.7000007629395,90.5999984741211,-4.69999980926514,1.5
"729",1993,-2,-110,24.6399993896484,24.6599998474121,90,-6.30000019073486,1.70000004768372
"730",1993,-2,-110,24.5599994659424,24.6599998474121,88.3000030517578,-6.30000019073486,1
"731",1993,-2,-110,24.6900005340576,24.6599998474121,89.1999969482422,-5.40000009536743,0.5
"732",1993,-2,-110,24.7800006866455,24.6200008392334,90.8000030517578,-4.40000009536743,1.70000004768372
"733",1993,-2,-110,24.8799991607666,24.5,91.0999984741211,-3,0.200000002980232
"734",1993,-2,-110,25.1200008392334,24.8899993896484,89.6999969482422,-4,1.10000002384186
"735",1993,-2,-110,25.1599998474121,24.9300003051758,89.5,-4.30000019073486,2.5
"736",1993,-2,-110,25.1399993896484,24.7700004577637,87.9000015258789,-4.59999990463257,2.29999995231628
